{"hud_compatibility":1,"SaveDataVer":5,"ModVersion":104,"hud":{"holoui":{"update_text_color":true},"halo_reach_hud":{"use_bai_color":true},"restoration_mod":{"use_alpha_assault_text":true,"assault_panel":{"build":{"c1":{"r":255,"b":0,"g":255},"c2":{"r":0,"b":0,"g":0}},"control":{"c1":{"r":255,"b":255,"g":255},"c2":{"r":0,"b":0,"g":0}},"anticipation":{"c1":{"r":186,"b":28,"g":204},"c2":{"r":0,"b":0,"g":0}},"sustain":{"c1":{"r":237,"b":127,"g":127},"c2":{"r":0,"b":0,"g":0}},"fade":{"c1":{"r":0,"b":255,"g":255},"c2":{"r":0,"b":0,"g":0}},"captain":{"c1":{"r":0,"b":255,"g":0},"c2":{"r":255,"b":255,"g":255}},"holdout":{"c1":{"r":255,"b":30,"g":85},"c2":{"r":0,"b":0,"g":0}},"endless":{"c1":{"r":255,"b":0,"g":0},"c2":{"r":0,"b":0,"g":0}},"assault":{"c1":{"r":255,"b":0,"g":0},"c2":{"r":0,"b":255,"g":0}},"survived":{"c1":{"r":0,"b":0,"g":255},"c2":{"r":255,"b":0,"g":204}}},"include_cover_text":true,"use_alpha_endless_text":true},"pdth_hud_reborn":{"color":{"r":0,"b":0,"g":0},"custom_text_color":false}},"assault_panel_position":3,"assault_panel":{"captain_mutated":{"r":255,"b":225,"g":133},"assault_mutated":{"r":211,"b":255,"g":133},"escape":{"r":255,"custom_text":"","b":0,"g":0},"control":{"b":255,"r":255,"enabled":true,"custom_text":"","g":255},"endless_mutated":{"r":106,"b":255,"g":67},"sustain":{"b":127,"r":237,"enabled":true,"custom_text":"","g":127},"fade":{"b":255,"r":0,"enabled":true,"custom_text":"","g":255},"build":{"b":0,"r":255,"enabled":true,"custom_text":"","g":255},"anticipation":{"b":28,"r":186,"enabled":true,"custom_text":"","g":204},"captain":{"b":0,"g":128,"r":255,"custom_text":"","short_custom_text":"","hide_hostage_panel":true},"holdout":{"r":255,"b":30,"g":85},"assault":{"b":0,"g":255,"r":255,"custom_text":{"normal":"","federales":"","murkywater":"","fbi":"","overkill":"","gensec":"","hard":"","zeal":"","russia":"","overkill_145":"","easy_wish":"","overkill_290":"","swat":"","sm_wish":""},"short_custom_text":{"normal":"","federales":"","murkywater":"","fbi":"","overkill":"","gensec":"","hard":"","zeal":"","russia":"","overkill_145":"","easy_wish":"","overkill_290":"","swat":"","sm_wish":""},"hide_hostage_panel":false},"endless":{"b":0,"g":0,"r":255,"custom_text":{"normal":"","federales":"","murkywater":"","zombie":"","fbi":"","overkill":"","gensec":"","hard":"","zeal":"","russia":"","overkill_145":"","easy_wish":"","overkill_290":"","swat":"","sm_wish":""},"short_custom_text":{"normal":"","federales":"","murkywater":"","zombie":"","fbi":"","overkill":"","gensec":"","hard":"","zeal":"","russia":"","overkill_145":"","easy_wish":"","overkill_290":"","swat":"","sm_wish":""},"hide_hostage_panel":true},"survived":{"b":32,"r":32,"g":230,"short_custom_text":"","custom_text":""}},"mod_language":1,"show_advanced_assault_info":true,"animation":{"animate_color_change":true,"enable_animations":true,"animate_hostage_panel":true},"hide_assault_text":false,"show_wave_survived":false,"show_assault_states":true,"advanced_assault_info":{"show_spawns_left":true,"show_time_left":true,"aai_panel_update_rate":0.5,"time_format":1,"spawn_numbers":1,"trade_delay_panel_when":1,"trade_delay_panel":true,"trade_delay_panel_position":1,"aai_panel":1,"captain_panel":true},"completely_hide_hostage_panel":false,"show_difficulty_name_instead_of_skulls":false,"faction_assault_text":false}