{"DamageIndicator":{"FRIENDLY_FIRE_COLOR":"gray","HEALTH_COLOR":"red","MAX_AMOUNT":10,"ENABLED":true,"VEHICLE_COLOR":"gray","DURATION":2,"CRIT_COLOR":"light_red","SIZE":150,"SHIELD_COLOR":"gray"},"DamagePopup":{"HEIGHT":20,"SCALE":1,"DISPLAY_MODE":2,"ALPHA":1,"COLOR":"yellow","CRITICAL_COLOR":"light_purple","DURATION":3,"HEADSHOT_COLOR":"red","SKULL_SCALE":1.2,"SKULL_ALIGN":1},"HUDList":{"thug_color":"white","enemy_color":"white","buff_list_progress_alpha":1,"LEFT_LIST":{"show_timers":true,"show_tape_loop":true,"show_pagers":true,"show_own_minions_only":false,"show_doc_bags":true,"show_body_bags":true,"show_grenade_crates":true,"show_ecms":true,"show_ecm_retrigger":true,"show_first_aid_kits":true,"show_ammo_bags":true,"show_sentries":true,"show_minions":true},"buff_list_scale":1,"special_color":"white","left_list_scale":1,"list_color_bg":"black","civilian_color":"white","RIGHT_LIST":{"show_minion_count":true,"show_turrets":true,"show_cam_count":true,"aggregate_enemies":true,"aggregate_loot":false,"show_loot":true,"show_corpse_count":false,"show_pager_count":true,"show_special_pickups":true,"aggregate_hostages":true,"show_hostages":true,"SHOW_PICKUP_CATEGORIES":{"mission_pickups":true,"valuables":true,"collectables":true},"show_enemies":true,"separate_bagged_loot":true,"show_potential_loot":false,"show_civilians":true,"show_bodybags_count":true},"ENABLED":true,"left_list_progress_alpha":0.4,"timers_in_seconds":false,"BUFF_LIST":{"TECHNICIAN_BUFFS":{"lock_n_load":true},"damage_reduction":true,"melee_damage_increase":true,"PERK_BUFFS":{"tooth_and_claw":true,"grinder":true,"pocket_ecm_kill_dodge":false,"ammo_give_out_debuff":true,"muscle_regen":false,"life_drain_debuff":true,"armor_break_invulnerable":true,"medical_supplies_debuff":true,"yakuza":false,"tag_team":true,"pocket_ecm_jammer":true,"biker":true,"armorer":true,"smoke_screen_grenade":true,"delayed_damage":true,"sociopath_debuff":true,"sicario_dodge":true,"overdog":false,"close_contact":true,"chico_injector":false,"melee_stack_damage":false,"maniac":false,"hostage_situation":false,"crew_chief":true,"damage_control_debuff":false,"anarchist_armor_recovery_debuff":true},"damage_increase":true,"GHOST_BUFFS":{"dire_need":true,"sixth_sense":true,"unseen_strike":true,"second_wind":true},"show_buffs":true,"AI_SKILLS":{"crew_health_regen":false,"crew_inspire_debuff":true,"crew_throwable_regen":true},"GAGE_BOOSTS":{"life_steal_debuff":true,"invulnerable_buff":true},"MASTERMIND_BUFFS":{"partner_in_crime":false,"aggressive_reload_aced":true,"combat_medic":true,"uppers":true,"painkiller":false,"inspire_debuff":true,"inspire":true,"hostage_taker":false,"quick_fix":false,"forced_friendship":true,"inspire_revive_debuff":true,"combat_medic_passive":false,"ammo_efficiency":true},"total_dodge_chance":true,"ENFORCER_BUFFS":{"bullseye_debuff":true,"die_hard":false,"underdog":false,"bulletproof":true,"overkill":false,"bullet_storm":true},"FUGITIVE_BUFFS":{"desperado":true,"bloodthirst_basic":false,"running_from_death":true,"swan_song":false,"bloodthirst_aced":true,"berserker":true,"frenzy":false,"up_you_go":false,"trigger_happy":false,"messiah":true},"passive_health_regen":true},"right_list_scale":1,"right_list_progress_alpha":0.4,"list_color":"white"},"MOD_OVERRIDES":{"fed_inv":true},"INVENTORY":{"USE_REAL_WEAPON_NAMES":true,"SHOW_SKILL_NAMES":true,"SHOW_WEAPON_NAMES":true,"SHOW_WEAPON_MINI_ICONS":true,"SHOW_CONTRACTOR_JOB_HEAT":true,"CUSTOM_TAB_NAMES":{"secondaries":["","","","","","","","","","","","","","","","","","","",""],"masks":["","","","","","","","","","","","","","","","","","","",""],"primaries":["","","","","","","","","","","","","","","","","","","",""],"melee_weapons":["","","","","","","","","","","","","","","","","","","",""]}},"EQUIPMENT":{"SENTRY_AUTO_AP":true,"SHAPED_CHARGE_STEALTH_DISABLED":true,"ECM_FEEDBACK_STEALTH_DISABLED":true,"ENABLE_BURSTMODE":true,"KEYCARD_DOORS_DISABLED":true},"AssaultBanner":{"USE_ADV_ASSAULT":false,"POSITION":2},"LANGUAGE":"german","LOBBY_SETTINGS":{"team_ai_option":1,"difficulty":"overkill_145","reputation_permission":100,"one_down":false,"kick_option":1,"team_ai":true,"permission":"friends_only","drop_in_option":2,"auto_kick":true,"job_plan":1},"EnemyHealthbar":{"ENABLED":true,"SHOW_POINTER":false,"SHOW_CIVILIAN":false,"SHOW_VEHICLE":true},"HUDChat":{"WIDTH":380,"LINE_HEIGHT":15,"MAX_INPUT_LINES":5,"SPAM_FILTER":true,"COLORED_BG":true,"SCROLLBAR_ALIGN":2,"CHAT_WAIT_TIME":10,"MAX_OUTPUT_LINES":8},"CrewLoadout":{"SHOW_ON_STATS_PANEL":true,"REPLACE_PROFILE_MENU":true,"SHOW_IN_CS_LOBBY":true,"REPLACE_IN_BRIEFING":true,"SHOW_IN_LOBBY":true},"SkipIt":{"STAT_SCREEN_SPEEDUP":false,"INSTANT_RESTART":true,"NO_SLOWMOTION":true,"AUTOPICK_CARD_SPECIFIC":2,"SKIP_BLACKSCREEN":false,"LOOT_SCREEN_DELAY":3,"STAT_SCREEN_DELAY":5,"AUTOPICK_CARD":true},"TabStats":{"COLOR":"rainbow","SHOW_LOOT_NUMBERS":true,"ENABLED":true,"FONT_SIZE":18,"SHOW_MASK":true,"CLOCK_MODE":3},"HUDSuspicion":{"SHOW_PERCENTAGE":true,"SHOW_BARS":true,"SHOW_PERCENTAGE_OUTLINE":true,"REMOVE_ANSWERED_PAGER_CONTOUR":true,"SCALE":0.8,"SHOW_PACIFIED_CIVILIANS":true},"INTERACTION":{"SHOW_LOCK_INDICATOR":true,"SHOW_RELOAD":false,"LOCK_MODE":3,"HOLD2PICK":true,"TIMER_SCALE":1,"SHOW_TIME_REMAINING_OUTLINE":true,"SHOW_MELEE":false,"SHOW_CIRCLE":true,"SHOW_TIME_REMAINING":true,"GRADIENT_COLOR_START":"white","CIRCLE_SCALE":0.8,"MIN_TIMER_DURATION":5,"SHOW_INTERRUPT_HINT":true,"SUPRESS_NADES_STEALTH":true,"GRADIENT_COLOR":"light_green","EQUIPMENT_PRESS_INTERRUPT":true,"TEXT_SCALE":0.8},"DrivingHUD":{"SHOW_HEALTH":true,"SPEED_IN_MPH":false,"ENABLED":true,"SHOW_SPEED":true,"SCALE":1,"SHOW_LOOT":true,"SHOW_VEHICLE":true,"SHOW_GEAR":true,"SHOW_RPM":true,"SHOW_PASSENGERS":true},"CustomHUD":{"ENABLED":true,"USE_REAL_AMMO":true,"PLAYER":{"STAMINA":true,"NAME":false,"OPACITY":0.85,"POSITION":3,"SHOW_ACCURACY":true,"STATUS":true,"CHARACTER":false,"EQUIPMENT":true,"CALLSIGN":false,"TRUNCATE_TAGS":false,"CARRY":true,"SCALE":0.75,"SPECIAL_EQUIPMENT":true,"KILLCOUNTER":{"SHOW_SPECIAL_KILLS":true,"HIDE":false,"COLOR":"yellow","SHOW_HEADSHOT_KILLS":true},"SPECIAL_EQUIPMENT_ROWS":3,"CONDITION_ICON_COLOR":"white","WEAPON":{"FIREMODE":2,"AMMO":4,"ICON":4,"NAME":1},"RANK":false,"DOWNCOUNTER":true},"TEAMMATE":{"DOWNCOUNTER":true,"NAME":true,"OPACITY":0.7,"POSITION":1,"BUILD":{"DURATION":15,"HIDE":false},"LATENCY":true,"STATUS":true,"CHARACTER":false,"EQUIPMENT":true,"CALLSIGN":false,"TRUNCATE_TAGS":false,"CARRY":true,"SCALE":0.7,"SPECIAL_EQUIPMENT":true,"KILLCOUNTER":{"SHOW_HEADSHOT_KILLS":true,"COLOR":"yellow","SHOW_SPECIAL_KILLS":true,"HIDE":false,"SHOW_BOT_KILLS":true},"INTERACTION":{"MIN_DURATION":1,"NUMBER":true,"HIDE":false,"TEXT":true},"SPECIAL_EQUIPMENT_ROWS":3,"CONDITION_ICON_COLOR":"white","WEAPON":{"FIREMODE":1,"AMMO":4,"ICON":4,"NAME":1},"AI_COLOR":{"COLOR":"white","USE":false},"RANK":true}},"CustomWaypoints":{"SHOW_ECMS":false,"SHOW_PAGER":false,"LOOT":{"ANGLE":25,"ICON":true,"OFFSET":15,"SHOW":true,"BAGGED_OFFSET":30},"SHOW_DOC_BAG":true,"SHOW_GRENADE_CRATE":true,"SHOW_SPECIAL_EQUIPMENT":false,"SHOW_MINIONS":true,"SHOW_BODY_BAG":true,"SHOW_TIMERS":false,"WAYPOINTS_COLOR":"white","SHOW_SENTRIES":false,"SHOW_AMMO_BAG":true,"SHOW_FIRST_AID_KIT":false},"GADGETS":{"flashlight":{"player":{"rainbow":{"frequency":0.25,"enabled":false},"light":{"b":1,"angle":130,"brightness":0.2,"r":1,"enabled":false,"range":40,"g":1},"pulse":{"max":2,"enabled":false,"min":0.5,"frequency":0.25}},"team":{"rainbow":{"frequency":0.25,"enabled":false},"light":{"b":1,"angle":60,"brightness":1,"r":1,"enabled":true,"range":10,"g":1},"pulse":{"max":2,"enabled":false,"min":0.5,"frequency":0.25}}},"SHOW_ANGELED_SIGHT":true,"laser":{"player":{"pulse":{"max":2,"enabled":true,"min":0.5,"frequency":0.25},"rainbow":{"frequency":1.1,"enabled":true},"glow":{"b":0,"match_beam":true,"r":0,"a":0.06,"g":1},"dot":{"b":0,"match_beam":true,"r":0,"a":1,"g":1},"beam":{"b":0,"r":0,"enabled":true,"a":1,"g":1}},"turret_module_mad":{"pulse":{"max":2,"enabled":false,"min":0.5,"frequency":0.25},"rainbow":{"frequency":0.25,"enabled":false},"glow":{"b":0,"match_beam":true,"r":0,"a":0.02,"g":1},"dot":{"b":0,"match_beam":true,"r":0,"a":1,"g":1},"beam":{"b":0,"r":0,"enabled":true,"a":0.15,"g":1}},"team_sentry":{"pulse":{"max":2,"enabled":false,"min":0.5,"frequency":0.25},"rainbow":{"frequency":0.25,"enabled":false},"glow":{"b":0,"match_beam":true,"r":0,"a":0.02,"g":1},"dot":{"b":0,"match_beam":true,"r":0,"a":1,"g":1},"beam":{"b":0,"r":0,"enabled":true,"a":0.05,"g":1}},"player_sentry":{"pulse":{"max":2,"enabled":false,"min":0.5,"frequency":0.25},"rainbow":{"frequency":0.25,"enabled":false},"glow":{"b":0,"match_beam":true,"r":0,"a":0.02,"g":1},"dot":{"b":0,"match_beam":true,"r":0,"a":1,"g":1},"beam":{"b":0,"r":0,"enabled":true,"a":0.05,"g":1}},"turret_module_rearming":{"pulse":{"max":2,"enabled":false,"min":0.5,"frequency":0.25},"rainbow":{"frequency":0.25,"enabled":false},"glow":{"b":0,"match_beam":true,"r":1,"a":0.02,"g":1},"dot":{"b":0,"match_beam":true,"r":1,"a":1,"g":1},"beam":{"b":0,"r":1,"enabled":true,"a":0.11,"g":1}},"cop_sniper":{"pulse":{"max":2,"enabled":false,"min":0.5,"frequency":0.25},"rainbow":{"frequency":0.25,"enabled":false},"glow":{"b":0,"match_beam":true,"r":1,"a":0.02,"g":0},"dot":{"b":0,"match_beam":true,"r":1,"a":1,"g":0},"beam":{"b":0,"r":1,"enabled":true,"a":0.15,"g":0}},"turret_module_active":{"pulse":{"max":2,"enabled":false,"min":0.5,"frequency":0.25},"rainbow":{"frequency":0.25,"enabled":false},"glow":{"b":0,"match_beam":true,"r":1,"a":0.02,"g":0},"dot":{"b":0,"match_beam":true,"r":1,"a":1,"g":0},"beam":{"b":0,"r":1,"enabled":true,"a":0.15,"g":0}},"team":{"pulse":{"max":2,"enabled":false,"min":0.5,"frequency":0.25},"rainbow":{"frequency":0.25,"enabled":false},"glow":{"b":0,"match_beam":true,"r":0,"a":0.02,"g":1},"dot":{"b":0,"match_beam":true,"r":0,"a":1,"g":1},"beam":{"b":0,"r":0,"enabled":true,"a":0.05,"g":1}}},"LASER_AUTO_ON":true}}