{
    "menu_jowi" : "Wick",
    "hud_int_hold_grab_the_bag" : "Segure $INTERACT para pegar a bag de $BAG",

    "wolfhud_dialog_force_start_title" : "Forçar a partida começar?",
    "wolfhud_dialog_force_start_desc" : "Você tem certeza que quer forçar a partida para começar?\n\nFavor use apenas para salas bugadas, ou se um player estiver afk.\nCertifique-se que todos tiveram tempo de escolher o loadout.\n\nObrigado :)",
    "wolfhud_dialog_install_title" : "Instalar: $NAME",
    "wolfhud_dialog_install_desc" : "Você quer instalar '$NAME'?",
    "wolfhud_dialog_remind_later" : "Perguntar mais tarde",
    "wolfhud_dialog_install_fed_inv_desc" : "Federal Inventory é um override mod, que instala ícones coloridos para suas armas, máscaras e deployables.\nÉ ótimo quando usado com um CustomHUD e usará o atualizador do BLT.",
    "wolfhud_dialog_rename_inv_tab" : "Renomear a página do inventário",
    "wolfhud_dialog_rename_inv_tab_desc" : "Tecle um novo nome para esta página de inventário.",
    "wolfhud_dialog_save" : "Gravar",
    "wolfhud_dialog_requires_superblt_title" : "[WolfHUD] SuperBLT não foi detectado!",
    "wolfhud_dialog_requires_superblt_desc_long" : "WolfHUD precisa do SuperBLT para que possa funcionar.\nSuperBLT é que nem o BLT pro Payday 2, mas com melhorias grandes.\nÉ totalmente compatível com os mods BLT.\n\nVocê pode achar mais informações e instruções de instalação aqui: \n$URL",
    "wolfhud_dialog_requires_superblt_desc_short" : "WolfHUD não é compatível com o BLT normal.\nPor favor, instale o SuperBLT para continuar a usá-lo.\n Você pode achar SuperBLT em '$URL'.",
    "wolfhud_dialog_update_install_folder_title" : "[WolfHUD] Auto-Updates quebrado!",
    "wolfhud_dialog_update_install_folder_desc" : "Para que os Auto-Updates funcione, a pasta \nprecisa ser nomeiada de 'mods/WolfHUD-master/'. \n(Está com 'mods/$FOLDER/')",
    "woldhud_notification_disabled_override_title" : "WolfHUD: $NAME está atualmente desativado.",
    "woldhud_notification_disabled_override_desc" : "Se você mudou de idéia, clique aqui novamente.",
    "woldhud_notification_restart_override_title" : "WolfHUD: $NAME está pronto para instalar.",
    "woldhud_notification_restart_override_desc" : "Reinicie o jogo para iniciar o download.",

    "wolfhud_int_locked" : "APERTE $BTN_CANCEL PARA INTERROMPER",
    "wolfhud_int_locked_pager" : "APERTE $BTN_CANCEL PARA INTERROMPER\n(ATIVA O ALARME)",

    "wolfhud_buy_all_assets" : "Comprar tudo",
    "wolfhud_buy_all_assets_desc" : "Compra todos os assets que são permitidos você adquirir.",

    "wolfhud_preplanning_save" : "Gravar plano",
    "wolfhud_preplanning_load" : "Carregar plano",
    "wolfhud_preplanning_reset" : "Resetar plano",
    "wolfhud_preplanning_reset_all" : "Resetar tudo",
    "wolfhud_preplanning_delete" : "Deletar um ou mais planos",
    "wolfhud_preplanning_save_tooltip_title" : "Gravar plano atual:",
    "wolfhud_preplanning_save_tooltip_desc" : "Grava seu plano atual, e você fará mais facil da próxima vez nesta missão.",
    "wolfhud_preplanning_load_tooltip_title" : "Carregar ultimo plano:",
    "wolfhud_preplanning_load_tooltip_desc" : "Abre um menu com todos os planos gravados.",
    "wolfhud_preplanning_reset_tooltip_title" : "Resetar plano atual:",
    "wolfhud_preplanning_reset_tooltip_desc" : "Remove todos os assets do plano atual, assim como os votes.",
    "wolfhud_preplanning_reset_all_tooltip_title" : "Resetar o plano completamente:",
    "wolfhud_preplanning_reset_all_tooltip_desc" : "Remove todos os assets do plano atual, assim como os votes.",
    "wolfhud_preplanning_delete_tooltip_title" : "Deletar plano gravado",
    "wolfhud_preplanning_delete_tooltip_desc" : "Limpa seus planos gravados.",
    "wolfhud_preplanning_manager_title" : "Gerenciador de Preplanning",
    "wolfhud_preplanning_error_no_saved_plans" : "Não foram encontrados planos gravados.",
    "wolfhud_preplanning_error_max_plans_reached" : "Quantidade máxima de planos gravados atingida.",
    "wolfhud_preplanning_votes_title" : "Votes:",
    "wolfhud_preplanning_assets_title" : "Assets:",
    "wolfhud_preplanning_dialog_save" : "Gravar planos?",
    "wolfhud_preplanning_dialog_save_desc" : "$PLAN\n\n\nTecle um nome para este plano.\n(Usar um nome existente irá sobrescrever o anterior.)",
    "wolfhud_preplanning_dialog_delete" : "Deletar plano?",
    "wolfhud_preplanning_dialog_delete_desc" : "Você tem certeza que quer deletar plano '$NAME'?",
    "wolfhud_preplanning_msg_saved_success" : "Plano atual gravado com sucesso.",
    "wolfhud_preplanning_msg_saved_failed" : "Ocorreu um erro ao gravar o plano.",
    "wolfhud_preplanning_msg_no_save_slot" : "Quantidade máxima de planos gravados atingida.",
    "wolfhud_preplanning_msg_no_current_plan" : "Você não tem nada planejado, que possa ser gravado.",
    "wolfhud_preplanning_msg_loaded_success" : "O plano foi carregado com sucesso.",
    "wolfhud_preplanning_msg_loaded_failed" : "Ocorreu um erro ao carregar o plano.",
    "wolfhud_preplanning_msg_loaded_partitially" : "O plano foi carregado parcialmente: $ERRORMSG",
    "wolfhud_preplanning_msg_loaded_missing_skill" : "Faltando uma Skill",
    "wolfhud_preplanning_msg_loaded_missing_favours" : "Sem favores suficientes",
    "wolfhud_preplanning_msg_loaded_missing_money" : "Sem dinheiro suficiente",
    "wolfhud_preplanning_msg_reseted_success" : "Resetar plano atual.",
    "wolfhud_preplanning_msg_reseted_failed" : "Ocorreu um erro ao resetar o plano atual.",
    "wolfhud_preplanning_msg_deleted_success" : "O plano foi deletado com sucesso.",
    "wolfhud_preplanning_msg_deleted_failed" : "Ocorreu um erro ao deletar o plano.",
    "wolfhud_preplanning_msg_folder_creation_failed" : "Falha ao criar pasta: $FOLDER \nCertifique-se que o jogo tem as permissões requeridas ou crie manualmente.",
    "wolfhud_preplanning_msg_file_creation_failed" : "Falha ao criar arquivo: $FILE \nCertifique-se que o jogo tem as permissões requeridas ou crie manualmente.",

    "wolfhud_inv_tab_rename_hint" : "Clique duas vezes na aba para renomeá-la.",

    "wolfhud_loadout_hours_played" : "$HOURS hrs.",

    "wolfhud_profile_switch_title" : "Mudar perfil",
    "wolfhud_profile_switch_title_profiles" : "Perfil:",

    "victory_most_damage" : "Maior dano:",
    "victory_session_damage" : "Dano total:",

    "wolfhud_advassault_phase_title" : "Período do Assault: ",
    "wolfhud_advassault_spawns_title" : "Spawns restantes: ",
    "wolfhud_advassault_time_title" : "Tempo restante: ",
    "wolfhud_advassault_phase_anticipation" : "Anticipation",
    "wolfhud_advassault_phase_build" : "Build",
    "wolfhud_advassault_phase_sustain" : "Sustain",
    "wolfhud_advassault_phase_fade" : "Fade",
    "wolfhud_advassault_time_overdue" : "ATRASADO",
    "wolfhud_locked_assault" : "Police Assault infinito!!!  Escape o mais rápido possível!!!",

    "wolfhud_customhud_interaction_done" : "COMPLETO",
    "wolfhud_customhud_interaction_aborted" : "ABORTADO",

    "wolfhud_hudlist_device_timer" : "Timer",
    "wolfhud_hudlist_device_drill" : "Drill",
    "wolfhud_hudlist_device_hack" : "Hack",
    "wolfhud_hudlist_device_saw" : "Serra",
    "wolfhud_hudlist_device_security" : "Hacks",
    "wolfhud_hudlist_device_security_bar" : "Hack $CURRENT/$TOTAL",
    "wolfhud_hudlist_device_piggy_bank" : "Piggy",
    "wolfhud_hudlist_loot_armor" : "Colete",
    "wolfhud_hudlist_loot_bomb" : "Bomba",
    "wolfhud_hudlist_loot_weapon" : "Arma",
    "wolfhud_hudlist_loot_diamond" : "Diamante",
    "wolfhud_hudlist_loot_evidence" : "Evidência",
    "wolfhud_hudlist_loot_toast" : "Toast",
    "wolfhud_hudlist_loot_crate" : "Caixa",
    "wolfhud_hudlist_loot_toothbrush" : "Escova",
    "wolfhud_hudlist_loot_bag" : "Bolsa",
    "wolfhud_hudlist_loot_shoes" : "Sapatos",
    "wolfhud_hudlist_loot_toy" : "Brinquedo",
    "wolfhud_hudlist_loot_vr" : "Headset",
    "wolfhud_hudlist_loot_egg" : "Egg",
    "wolfhud_hudlist_loot_treasure" : "Treasure",
    "wolfhud_hudlist_loot_tea" : "Tea",
    "wolfhud_hudlist_loot_dragon" : "Dragon",
    "wolfhud_hudlist_loot_showcase" : "Mostruário",
    "wolfhud_hudlist_loot_bux" : "Bux",

    "wolfhud_hudlist_buff_basic" : "Basic",
    "wolfhud_hudlist_buff_aced" : "Aced",
    "wolfhud_hudlist_buff_boost" : "Boost",
    "wolfhud_hudlist_buff_revive" : "Reviver",
    "wolfhud_hudlist_buff_crew_inspire_debuff" : "Reviver (AI)",
    "wolfhud_hudlist_buff_dmg_inc" : "+Dmg",
    "wolfhud_hudlist_buff_dmg_dec" : "-Dmg",
    "wolfhud_hudlist_buff_mdmg_inc" : "+M.Dmg",
    "wolfhud_hudlist_buff_phealth_reg" : "+HP",
    "wolfhud_hudlist_buff_tot_dodge" : "%Esquiva",

    "wolfhud_tabstats_total_damage" : "Dano total:",
    "wolfhud_tabstats_tanks_killed" : "Bulldozers mortos:",
    "wolfhud_tabstats_cloakers_killed" : "Cloakers mortos:",
    "wolfhud_tabstats_shields_killed" : "Shields mortos:",
    "wolfhud_tabstats_snipers_killed" : "Snipers mortos:",
    "wolfhud_tabstats_tasers_killed" : "Tasers mortos:",
    "wolfhud_tabstats_gensec_killed" : "GENSEC mortos:",
    "wolfhud_tabstats_medic_killed" : "Médicos mortos:",
    "wolfhud_tabstats_melee_kills" : "Mortes com melee:",
    "wolfhud_tabstats_explosion_kills" : "Mortes com explõses:",
    "wolfhud_tabstats_nonspecial_kills" : "Mortes de cops não-especiais:",
    "wolfhud_tabstats_total_kills" : "Mortes totais:",
    "wolfhud_tabstats_total_revives" : "Total de vezes que reviveu (P/AI):",
    "wolfhud_tabstats_alltime_stat" : "Tempo total:",

    "wolfhud_enemy_civilian" : "Civil",
    "wolfhud_enemy_mariachi" : "Mariachi Band Member",
    "wolfhud_enemy_gangster" : "Gangster",
    "wolfhud_enemy_biker" : "Motoqueiro",
    "wolfhud_enemy_bolivian_security_mex" : "Coyopa Security",
    "wolfhud_enemy_bolivian_security" : "Segurança do Sosa",
    "wolfhud_enemy_bolivian_thug" : "Matador do Sosa",
    "wolfhud_enemy_mobster" : "Mafioso Russo",
    "wolfhud_enemy_triad" : "Triad",
    "wolfhud_enemy_triad_boss" : "Triad Boss",
    "wolfhud_enemy_ranchmanager" : "Esteban",
    "wolfhud_enemy_security" : "Segurança",
    "wolfhud_enemy_gensec" : "Unidade GENSEC",
    "wolfhud_enemy_cop" : "Oficial de polícia",
    "wolfhud_enemy_fbi" : "Unidade do FBI",
    "wolfhud_enemy_swat" : "Unidade da SWAT",
    "wolfhud_enemy_heavy_swat" : "Heavy SWAT",
    "wolfhud_enemy_heavy_swat_sniper" : "Heavy SWAT Sniper",
    "wolfhud_enemy_marshal_marksman" : "Marshal Sniper",
    "wolfhud_enemy_city_swat" : "Elite Unit",
    "wolfhud_enemy_shield" : "Shield",
    "wolfhud_enemy_spook" : "Cloaker",
    "wolfhud_enemy_shadow_spook" :"Shadow Cloaker",
    "wolfhud_enemy_taser" : "Taser",
    "wolfhud_enemy_sniper" : "Sniper",
    "wolfhud_enemy_medic" : "Médico",
    "wolfhud_enemy_tank" : "Bulldozer",
    "wolfhud_enemy_tank_hw" : "Headless Dozer",
    "wolfhud_enemy_tank_medic" : "Medic Dozer",
    "wolfhud_enemy_tank_mini" : "Minigun Dozer",
    "wolfhud_enemy_phalanx_minion" : "Winters Shield",
    "wolfhud_enemy_phalanx_vip" : "Captain Winters",
    "wolfhud_enemy_swat_van" : "SWAT TURRET",
    "wolfhud_enemy_ceiling_turret" : "TURRET",
    "wolfhud_enemy_aa_turret" : "Anti-Air Turret",
    "wolfhud_enemy_crate_turret" : "Turret",
    "wolfhud_enemy_sentry_gun" : "SENTRY GUN",
    "wolfhud_enemy_mobster_boss" : "O comissário",
    "wolfhud_enemy_chavez_boss" : "Chavez",
    "wolfhud_enemy_druglord_boss" : "Chefão Sosa",
    "wolfhud_enemy_druglord_boss_stealth" : "Chefão Sosa",
    "wolfhud_enemy_biker_boss" : "Chefe Biker",
    "wolfhud_enemy_bank_manager" : "Gerente do banco",
    "wolfhud_enemy_dah_ralph" : "Ralph Garnet",
    "wolfhud_enemy_inside_man" : "Infiltrado",
    "wolfhud_enemy_escort_undercover" : "Taxman",
    "wolfhud_enemy_escort_heatstreet" : "Matt",
    "wolfhud_enemy_escort_chinese_prisoner" : "Kazo",
    "wolfhud_enemy_escort_cfo" : "Garnett CFO",
    "wolfhud_enemy_escort_reservoirdogs" : "Senhor Pink",
    "wolfhud_enemy_escort_bain_locke" : "Locke / Bain",
    "wolfhud_enemy_escort_hajrudin" : "Hajrudin",
    "wolfhud_enemy_drunk_pilot" : "Piloto bêbado",
    "wolfhud_enemy_escort" : "Escolta",
    "wolfhud_enemy_boris" : "Boris",
    "wolfhud_enemy_spa_vip" : "Charon",
    "wolfhud_enemy_spa_vip_hurt" : "Charon (Hurt)",
    "wolfhud_enemy_old_hoxton_mission" : "Hoxton",
    "wolfhud_enemy_locke_mission" : "Locke",
    "wolfhud_enemy_hector_boss" : "Hector Blindado",
    "wolfhud_enemy_hector_boss_no_armor" : "Hector",
    "wolfhud_enemy_reservoirdogs" : "Senhor Blonde",
    "wolfhud_enemy_crew" : "Membro da equipe",
    "wolfhud_enemy_butler" : "Aldstone",
    "wolfhud_enemy_vlad" : "Vlad",
    "wolfhud_enemy_kento" : "Kento",

    "wolfhud_enemy_boom" : "Grenadeiro",
    "wolfhud_enemy_omnia_lpf" : "OMNIA L.P.F.",
    "wolfhud_enemy_summers" : "Capitão Summers",
    "wolfhud_enemy_boom_summers" : "Major Molly",
    "wolfhud_enemy_taser_summers" : "Engineer Electrika",
    "wolfhud_enemy_medic_summers" : "Sergeant Doc",
    "wolfhud_enemy_spring" : "Captain Spring",
    "wolfhud_enemy_fbi_vet" : "Veteran Cop",

    "wolfhud_enemy_deathvox_light" : "ZEAL Unit",
    "wolfhud_enemy_deathvox_heavy" : "Heavy ZEAL",

    "wolfhud_multiselect_all" : "Tudo",
    "wolfhud_multiselect_none" : "Nenhum",
    "wolfhud_multiselect_disabled" : "Desativado",
    "wolfhud_multiselect_random" : "Aleatório",
    "wolfhud_multiselect_left" : "Esquerda",
    "wolfhud_multiselect_center" : "Centro",
    "wolfhud_multiselect_right" : "Direita",

    "wolfhud_colors_white"  : "Branco",
    "wolfhud_colors_light_yellow"  : "Amarelo claro",
    "wolfhud_colors_light_orange"  : "Laranja claro",
    "wolfhud_colors_light_red"  : "Vermelho claro",
    "wolfhud_colors_light_purple"  : "Roxo claro",
    "wolfhud_colors_light_green"  : "Verde claro",
    "wolfhud_colors_light_blue"  : "Azul claro",
    "wolfhud_colors_light_gray" : "Cinza claro",
    "wolfhud_colors_yellow"  : "Amarelo",
    "wolfhud_colors_orange"  : "Laranja",
    "wolfhud_colors_red" : "Vermelho",
    "wolfhud_colors_purple" : "Roxo",
    "wolfhud_colors_green" : "Verde",
    "wolfhud_colors_blue" : "Azul",
    "wolfhud_colors_gray" : "Cinza",
    "wolfhud_colors_black" : "Preto",
    "wolfhud_colors_rainbow" : "Arco-íris",

    "wolfhud_options_name" : "Configurações do WolfHUD",
    "wolfhud_options_help" : "Customize o WolfHUD com as suas prefências.",

    "wolfhud_language_title" : "Language",
    "wolfhud_language_desc" : "Select a localization for WolfHUD.\n(A Map change is needed to apply...)",

    "wolfhud_languages_english" : "English",
    "wolfhud_languages_german" : "German",
    "wolfhud_languages_dutch" : "Dutch",
    "wolfhud_languages_french" : "French",
    "wolfhud_languages_italian" : "Italian",
    "wolfhud_languages_spanish" : "Spanish",
    "wolfhud_languages_portuguese" : "Portugese",
    "wolfhud_languages_russian" : "Russian",
    "wolfhud_languages_chinese" : "Chinese",
    "wolfhud_languages_korean" : "Korean",

    "wolfhud_skip_blackscreen_title" : "Pular tela preta",
    "wolfhud_skip_blackscreen_desc" : "Pular a tela preta automaticamente no início da missão.\n(Apenas o Host)",
    "wolfhud_instant_restart_title" : "Reinício Imediato",
    "wolfhud_instant_restart_desc" : "Pular o timer de 5 segundos automaticamente em lobbies públicos.\n(Apenas o Host)",
    "wolfhud_stat_screen_speedup_title" : "Acelerar a tela de estatísticas",
    "wolfhud_stat_screen_speedup_desc" : "Acelerar a contagem de experiência automaticamente, sem segurar a barra de espaço.",
    "wolfhud_stat_screen_delay_title" : "Atraso na tela de estatísticas",
    "wolfhud_stat_screen_delay_desc" : "Continuar em X segundos, após a sua contagem de EXP.\n(Apenas o Host, 0 = desativado) ",
    "wolfhud_loot_screen_pick_card_title" : "Escolha automática de carta",
    "wolfhud_loot_screen_pick_card_desc" : "Escolhe uma carta automaticamente, quando a tela de loot aparecer.",
    "wolfhud_loot_screen_pick_specific_card_title" : "Especificar carta",
    "wolfhud_loot_screen_pick_specific_card_desc" : "Especifica que carta pegar automaticamente.",
    "wolfhud_loot_screen_delay_title" : "Atraso na tela de cartas",
    "wolfhud_loot_screen_delay_desc" : "Continua em X segundos depois de pegar o seu loot drop.\n(Apenas o Host, 0 = desativado)",
    "wolfhud_replace_weapon_names_title" : "Nomes reais das armas",
    "wolfhud_replace_weapon_names_desc" : "Substitui os nomes das armas com seus nomes reais.\n(É necessária uma mudança de mapa para aplicar...)",
    "wolfhud_inventory_tab_names_title" : "Usar nomes nas abas de inventário",
    "wolfhud_inventory_tab_names_desc" : "Customize os nomes nas abas de inventário.\n(Mude os nomes editando '/mods/saves/WolfHUD_InventoryNames.txt')",
    "wolfhud_inventory_names_title" : "Mostrar os nomes das caixas de inventário",
    "wolfhud_inventory_names_desc" : "Mostra os nomes das suas armas, colete, deployables, etc. dentro da caixa no inventário.",
    "wolfhud_skill_names_title" : "Mostrar o nome das Skills",
    "wolfhud_skill_names_desc" : "Sempre mostrar os nomes das skills na árvore de habilidades.",
    "wolfhud_show_contractor_job_heat_title":"Show Contractor Heat",
    "wolfhud_show_contractor_job_heat_desc":"Shows job heat in the contract broker list.",
    "wolfhud_show_mini_icons_title" : "Sempre mostrar Mini-Icons",
    "wolfhud_show_mini_icons_desc" : "Sempre mostrar os mod icons de todas as armas, não apenas as selecionadas.",
    "wolfhud_no_slowmotion_title" : "Sem Slow Motion",
    "wolfhud_no_slowmotion_desc" : "Desativa o Slow Motion quando colocar a máscara ou quando cair.",
    "wolfhud_reset_options_title" : "Resetar configurações",
    "wolfhud_reset_options_desc" : "Resetar todas as configurações para os valores padrão.",
    "wolfhud_reset_options_confirm" : "Você tem certeza que quer resetar todas as configurações para os valores padrão?",

    "wolfhud_panels_options_name" : "Opções gerais do painel do HUD",
    "wolfhud_panels_options_help" : "Opções gerais para todos os painéis do HUD, como CustomHUD, Suspeita, Indicador de dano, DrivingHUD e muito mais.",

    "wolfhud_use_customhud_title" : "Usar CustomHUD",
    "wolfhud_use_customhud_desc" : "Substitui o HUD padrão pelo CustomHUD avançado, criado pelo Se7en.\n(Mudar de mapa é necessário para aplicar...)",
    "wolfhud_adv_assault_title" : "Banner de Assault Avançado",
    "wolfhud_adv_assault_desc" : "Mostra a etapa do assault, o tempo e os spawns restantes durante o assault.\n(Apenas o Host)",
    "wolfhud_assault_position_title": "Banner de Assault",
    "wolfhud_assault_position_desc" : "Posição horizontal do Banner de Assault.",
    "wolfhud_pacified_civs_title" : "Mostrar civis pacificados",
    "wolfhud_pacified_civs_desc" : "Muda a posição dos civis desamarrados, enquanto estiverem pacificados.",
    "wolfhud_use_realammo_title" : "Usar munição real",
    "wolfhud_use_realammo_desc" : "Mostra a munição restante, sem considerar a contagem de balas do magazine.",
    "wolfhud_enable_burstmode_title" : "Ativar modo rajada",
    "wolfhud_enable_burstmode_desc" : "Ativa o modo rajada para suas armas.",

    "wolfhud_playerpanel_options_name" : "Painel do jogador",
    "wolfhud_playerpanel_options_help" : "Configura seu próprio painel de HUD.",

    "wolfhud_teampanels_options_name" : "Painel da equipe",
    "wolfhud_teampanels_options_help" : "Configura o painel do HUD da sua equipe.",

    "wolfhud_panels_position_title" : "Posição",
    "wolfhud_panels_position_desc" : "Posição horizontal do painel do HUD.",
    "wolfhud_panels_scale_title" : "Escala",
    "wolfhud_panels_scale_desc" : "Fator de escala do painel do HUD.",
    "wolfhud_panels_oppacity_title" : "Opacidade",
    "wolfhud_panels_oppacity_desc" : "Seleciona a opacidade do painel do HUD.",
    "wolfhud_panels_show_name_title" : "Mostrar nome",
    "wolfhud_panels_show_name_desc" : "Mostra os nomes dos jogadores.",
    "wolfhud_panels_show_rank_title" : "Mostrar o Rank",
    "wolfhud_panels_rank_name_desc" : "Mostrar o rank dos jogadores.",
    "wolfhud_panels_truncate_tags_title" : "Truncar tags",
    "wolfhud_panels_truncate_tags_desc" : "Tenta truncar tags de clã dos nomes dos jogadores.",
    "wolfhud_panels_show_char_title" : "Mostrar personagem",
    "wolfhud_panels_show_char_desc" : "Mostra o personagem selecionado.",
    "wolfhud_panels_show_ping_title" : "Mostrar o Ping",
    "wolfhud_panels_show_ping_desc" : "Mostra o ping entre você e os jogadores.",
    "wolfhud_panels_show_status_title" : "Mostrar o status",
    "wolfhud_panels_show_status_desc" : "Mostra o status dos jogadores (HP, colete, etc.)",
    "wolfhud_panels_condition_icon_color_title" : "Ícone do condição",
    "wolfhud_panels_condition_icon_color_desc" : "Configura a cor do ícone de condição (caído, detido, swan song, etc.)",
    "wolfhud_panels_show_equip_title" : "Mostrar equipamento",
    "wolfhud_panels_show_equip_desc" : "Mostra o equipamento dos jogadores.",
    "wolfhud_panels_show_special_equip_title" : "Mostrar equipamento especial",
    "wolfhud_panels_show_special_equip_desc" : "Mostra o equipamento especial que os jogadores pegaram.",
    "wolfhud_panels_special_equip_rows_title" : "Fileira dos equipamentos especiais",
    "wolfhud_panels_special_equip_rows_desc" : "Número de itens especiais colocados em uma coluna.",
    "wolfhud_panels_show_callsign_title" : "Mostrar Chamada",
    "wolfhud_panels_show_callsign_desc" : "Mostra a chamada feita por aquele jogador.",
    "wolfhud_panels_show_stamina_title" : "Mostra Stamina",
    "wolfhud_panels_show_stamina_desc" : "Mostra um círculo de Stamina dentro da barra de vida.",
    "wolfhud_panels_show_downcounter_title" : "Mostra contagem de quedas",
    "wolfhud_panels_show_downcounter_desc" : "Mostra um contador de quedas de cada jogador não-AI. \nO contador mostra a sua contagem de quedas e da sua equipe.",
    "wolfhud_panels_show_carry_title" : "Mostrar Carry",
    "wolfhud_panels_show_carry_desc" : "Mostra as informações do carry.",
    "wolfhud_panels_build_show_title" : "Mostrar Build",
    "wolfhud_panels_build_show_desc" : "Mostra a build dos jogadores.",
    "wolfhud_panels_build_time_title" : "Tempo de exibição da build",
    "wolfhud_panels_build_time_desc" : "Mostra a build dos jogadores por X segundos.\n(0 = Sempre)",
    "wolfhud_panels_weapon_icon_title" : "Icones das armas",
    "wolfhud_panels_weapon_icon_desc" : "Que ícone de arma você quer ver?",
    "wolfhud_panels_weapon_name_title" : "Nomes das armas",
    "wolfhud_panels_weapon_name_desc" : "Exibir os nomes das armas?",
    "wolfhud_panels_weapon_ammo_title" : "Munição da arma",
    "wolfhud_panels_weapon_ammo_desc" : "Modo de exibição de munição das armas.",
    "wolfhud_panels_weapon_firemode_title" : "Modo de tiro da arma",
    "wolfhud_panels_weapon_firemode_desc" : "Mostra o modo de tiro da arma, ou oculta.",
    "wolfhud_panels_hide" : "Ocultar",
    "wolfhud_panels_selected" : "Apenas a selecionada",
    "wolfhud_panels_unselected" : "Apenas a não selecionada",
    "wolfhud_panels_both" : "Ambos(as)",
    "wolfhud_panels_ammo_total" : "Apenas a munição total",
    "wolfhud_panels_show_interaction_title" : "Mostrar interação",
    "wolfhud_panels_show_interaction_desc" : "Mostrar a interação dos colegas de equipe.",
    "wolfhud_panels_show_interaction_number_title" : "Timer de interação",
    "wolfhud_panels_show_interaction_number_desc" : "Mostra um indicador numérico",
    "wolfhud_panels_show_interaction_text_title" : "Texto de interação",
    "wolfhud_panels_show_interaction_text_desc" : "Mostrar texto de interação",
    "wolfhud_panels_interaction_time_title" : "Duração mínima de interação",
    "wolfhud_panels_interaction_time_desc" : "Mostrar apenas a interação dos colegas de equipe, se não for mais que X segundos.",
    "wolfhud_panels_use_ai_color_title" : "Usar cor customizada para o bot",
    "wolfhud_panels_use_ai_color_desc" : "Usar uma cor customizada para os nomes dos bots. (Também afeta os popups de dano)",
    "wolfhud_panels_ai_color_title" : "Cor customizada para o bot",
    "wolfhud_panels_ai_color_desc" : "Configura a cor para usar nos nomes dos bots. (Também afeta os popups de dano)",

    "wolfhud_chat_options_name" : "Opções do chat",
    "wolfhud_chat_options_help" : "Opções para o comportamento do chat.",

    "wolfhud_chat_waittime_title" : "Tempo de desaparecimento do chat",
    "wolfhud_chat_waittime_desc" : "Quantidade de tempo para o chat desaparecer\n(0 = Nunca)",
    "wolfhud_chat_fontsize_title" : "Tamanho da fonte do chat",
    "wolfhud_chat_fontsize_desc" : "Tamanho da fonte do Chat-Box ingame.",
    "wolfhud_chat_outputlines_title" : "Quantidade máxima de linhas do chat",
    "wolfhud_chat_outputlines_desc" : "Quantidade máxima de linhas antes de ativar a barra de rolagem.",
    "wolfhud_spam_filter_title" : "Filtro de spam do chat",
    "wolfhud_spam_filter_desc" : "Remove as mensagens de spam do PocoHUD e do [NGBTO] do seu chat.",
    "wolfhud_chat_width_title" : "Largura do Chat",
    "wolfhud_chat_width_desc" : "Largura da janela do chat",
    "wolfhud_chat_inputlines_title" : "Quantidade máxima de linhas de chat",
    "wolfhud_chat_inputlines_desc" : "Número de linhas de texto que você pode digitar",
    "wolfhud_chat_colored_bg_title" : "Plano de fundo colorido",
    "wolfhud_chat_colored_bg_desc" : "Colore o fundo da linha baseado na origem da mensagem",
    "wolfhud_chat_scrollbar_align_title" : "Alinhar Scrollbar",
    "wolfhud_chat_scrollbar_align_desc" : "Alinhamento da scroll bar",

    "wolfhud_suspicion_options_name" : "Opções de suspeita",
    "wolfhud_suspicion_options_help" : "Opções do tamanho do painel de suspeita, assim como os componentes visíveis.",

    "wolfhud_suspicion_scale_title" : "Escala da suspeita",
    "wolfhud_suspicion_scale_desc" : "Fator de escala para os elementos do painel de suspeita.",
    "wolfhud_susp_eye_title" : "Exibir olhar de suspeita",
    "wolfhud_susp_eye_desc" : "Exibe os elementos padrão de suspeita.",
    "wolfhud_susp_numberic_title" : "Mostrar suspeita numérica",
    "wolfhud_susp_numberic_desc" : "Mostrar valor numérico de suspeita.",
    "wolfhud_susp_numberic_outline_title" : "Contorno preto",
    "wolfhud_susp_numberic_outline_desc" : "Mostra um contorno preto ao redor do texto numérico de suspeita.",

    "wolfhud_killcounter_options_name" : "Opções do Killcounter",
    "wolfhud_killcounter_options_help" : "Opções de aparência do kill counter",

    "wolfhud_killcounter_player_show_killcount_title" : "Exibir Killcounter do jogador",
    "wolfhud_killcounter_player_show_killcount_desc" : "Exibie um killcounter no seu HUD.",
    "wolfhud_killcounter_player_color_title" : "Killcounter (jogador)",
    "wolfhud_killcounter_player_color_desc" : "Seleciona a cor do seu killcounter.",
    "wolfhud_killcounter_player_show_special_title" : "Contar mortes de cops especiais (jogador)",
    "wolfhud_killcounter_player_show_special_desc" : "Exibe as mortes de inimigos especiais separadamente.",
    "wolfhud_killcounter_player_show_head_title" : "Contar Headshots do jogador",
    "wolfhud_killcounter_player_show_head_desc" : "Exibe os headshots separadamente.",
    "wolfhud_killcounter_player_show_accuracy_title" : "Mostrar a precisão do jogador",
    "wolfhud_killcounter_player_show_accuracy_desc" : "Exibe a precisão atual no seu HUD.",
    "wolfhud_killcounter_team_show_killcount_title" : "Exibir Killcounter da equipe",
    "wolfhud_killcounter_team_show_killcount_desc" : "Exibir um killcounter dos membros da equipe.",
    "wolfhud_killcounter_team_color_title" : "Killcounter (equipe)",
    "wolfhud_killcounter_team_color_desc" : "Seleciona a cor dos killcounters da sua equipe.",
    "wolfhud_killcounter_team_show_special_title" : "Contar mortes de especiais (equipe)",
    "wolfhud_killcounter_team_show_special_desc" : "Exibir mortes de inimigos especiais separadamente.",
    "wolfhud_killcounter_team_show_head_title" : "Contar Headshots da equipe",
    "wolfhud_killcounter_team_show_head_desc" : "Exibe os headshots separadamente.",
    "wolfhud_killcounter_team_show_ai_title" : "Killcounter da IA",
    "wolfhud_killcounter_team_show_ai_desc" : "Os bots tem um Killcounter também?",
    "wolfhud_corpse_limit_title" : "Limite de corpos",
    "wolfhud_corpse_limit_desc" : "Quantos cadáveres devemos permitir ao mesmo tempo?\n(Mudar de mapa é necessário para aplicar...)",

    "wolfhud_drivinghud_options_name" : "Opções do DrivingHUD",
    "wolfhud_drivinghud_options_help" : "Algumas opções para o DrivingHUD.",

    "wolfhud_show_drivinghud_title" : "Mostrar Driving HUD",
    "wolfhud_show_drivinghud_desc" : "Mostra um pequeno HUD no canto inferior direito enquanto dirige.\n(Mudar de mapa é necessário para aplicar...)",
    "wolfhud_drivinghud_scale_title" : "Escala",
    "wolfhud_drivinghud_scale_desc" : "Fator de escala para o DrivingHUD.",
    "wolfhud_drivinghud_show_vehicle_title" : "Mostrar imagem do veículo",
    "wolfhud_drivinghud_show_vehicle_desc" : "Mostra uma pequena imagem do veículo e as máscaras dos jogadores com você.",
    "wolfhud_drivinghud_show_health_title" : "Mostrar o HP",
    "wolfhud_drivinghud_show_health_desc" : "Exibir a barra de HP do veículo.",
    "wolfhud_drivinghud_show_loot_title" : "Mostrar Loot",
    "wolfhud_drivinghud_show_loot_desc" : "Exibe os veículos carregadoe e o número máximo de loot.",
    "wolfhud_drivinghud_show_passengers_title" : "Mostrar passageiros",
    "wolfhud_drivinghud_show_passengers_desc" : "Mostra a quantidade de passageiros no veículo e a quantidade total de cadeiras.",
    "wolfhud_drivinghud_show_gear_title" : "Mostrar equipamento",
    "wolfhud_drivinghud_show_gear_desc" : "Exibie que equipamento você está dirigindo.",
    "wolfhud_drivinghud_show_speed_title" : "Mostrar velocidade",
    "wolfhud_drivinghud_show_speed_desc" : "Exibe a velocidade atual do veículo.",
    "wolfhud_drivinghud_speed_in_mph_title" : "Velocidade em mph",
    "wolfhud_drivinghud_speed_in_mph_desc" : "Exibe a velocidade em mph.\n(Caso contrário, usa km/h.)",
    "wolfhud_drivinghud_show_rpm_title" : "Mostrar RPM",
    "wolfhud_drivinghud_show_rpm_desc" : "Exibe as RPM do motor do veículo.",

    "wolfhud_infopanels_options_name" : "Opções do HUD de Informação",
    "wolfhud_infopanels_options_help" : "Opções das info boxes do HUD List.",

    "wolfhud_use_hudlist_title" : "Usar HUDList",
    "wolfhud_use_hudlist_desc" : "O HUDList pode exibir muitas coisas úteis, incluindo. tempo da Drill, inimigos ou quantidade de loot, assets no mapa, etc. (Mudar de mapa é necessário para aplicar...)",
    "wolfhud_hudlist_scale_right_title" : "Escala da Lista da direita",
    "wolfhud_hudlist_scale_right_desc" : "Fator de escala dos itens da lista da direita.",
    "wolfhud_hudlist_scale_left_title" : "Escala da lista da esquerda",
    "wolfhud_hudlist_scale_left_desc" : "Fator de escala dos itens da lista da esquerda.",
    "wolfhud_hudlist_scale_buff_title" : "Escala do Buff List",
    "wolfhud_hudlist_scale_buff_desc" : "Fator de escala dos itens do buff list.",
    "wolfhud_hudlist_box_color_title" : "Cor da fonte da caixa",
    "wolfhud_hudlist_box_color_desc" : "Cor da esquerda e da direita das List Boxes.\n(Atualmente mudar de mapa é necessário para aplicar...)",
    "wolfhud_hudlist_box_bg_color_title" : "Cor de fundo da caixa",
    "wolfhud_hudlist_box_bg_color_desc" : "Cor de fundo da esquerda e da direita das List Boxes.\n(Atualmente mudar de mapa é necessário para aplicar...)",
    "wolfhud_hudlist_civcolor_title" : "Cor do civil",
    "wolfhud_hudlist_civcolor_desc" : "Cor para civis e reféns no contador de inimigos.",
    "wolfhud_hudlist_thugcolor_title" : "Cor do bandido",
    "wolfhud_hudlist_thugcolor_desc" : "Cor para os bandidos e mafiosos no contador de inimigos.",
    "wolfhud_hudlist_copcolor_title" : "Cor dos inimigos",
    "wolfhud_hudlist_copcolor_desc" : "Cor para os Cops, SWATs e Heavy SWATs no contador de inimigos.",
    "wolfhud_hudlist_specialcolor_title" : "Cor para os especiais",
    "wolfhud_hudlist_specialcolor_desc" : "Cor para os cops especiais e Turrets no contador de inimigos.",
    "wolfhud_hudlist_progress_alpha_left_title" : "Progresso Alpha da esquerda",
    "wolfhud_hudlist_progress_alpha_left_desc" : "Valor Alpha para as barras de progresso na lista de itens da esquerda.",
    "wolfhud_hudlist_progress_alpha_right_title" : "Progresso Alpha da direita",
    "wolfhud_hudlist_progress_alpha_right_desc" : "Valor Alpha para as barras de progresso na lista de itens da direita.",
    "wolfhud_hudlist_progress_alpha_buff_title" : "Progresso Alpha do Buff",
    "wolfhud_hudlist_progress_alpha_buff_desc" : "Valor Alpha para as barras de progresso dos itens na lista de buff.",
    "wolfhud_hudlist_timers_in_seconds_title" : "Timers in seconds",
    "wolfhud_hudlist_timers_in_seconds_desc" : "Always display timers in seconds.",

    "wolfhud_infopanels_left_options_name" : "Opções da lista da esquerda",
    "wolfhud_infopanels_left_options_help" : "Opções para a lista de informações da esquerda.",

    "wolfhud_hudlist_show_timers_title" : "Mostrar os Timers",
    "wolfhud_hudlist_show_timers_desc" : "Exibe os tempos das Drills, Hacks, etc.",
    "wolfhud_hudlist_show_equipment_desc" : "Determina se exibe o equipamento no lado direito da tela.",
    "wolfhud_hudlist_show_ammo_bags_title" : "Mostrar Ammo Bags",
    "wolfhud_hudlist_show_doc_bags_title" : "Mostrar Medic Bags",
    "wolfhud_hudlist_show_first_aid_kits_title" : "Mostrar First Aid Kits",
    "wolfhud_hudlist_show_body_bags_title" : "Mostrar Body Bags",
    "wolfhud_hudlist_show_grenade_crates_title" : "Mostrar Granadas",
    "wolfhud_hudlist_sentries_title" : "Mostrar Sentries",
    "wolfhud_hudlist_sentries_desc" : "Mostrar HP e munição da Sentry.",
    "wolfhud_hudlist_hide_empty_sentries_title" : "Ocultar Sentries vazias",
    "wolfhud_hudlist_hide_empty_sentries_desc" : "Ocultar caixas de sentry vazias.",
    "wolfhud_hudlist_show_ecms_title" : "Mostrar ECMs",
    "wolfhud_hudlist_show_ecms_desc" : "Mostrar o Timer das ECM's ",
    "wolfhud_hudlist_show_ecm_retrigger_title" : "Mostrar ECM reativadas",
    "wolfhud_hudlist_show_ecm_retrigger_desc" : "Mostrar, quando uma ECM estiver pronta para ser reativada.",
    "wolfhud_hudlist_show_minions_title" : "Mostrar Jokers",
    "wolfhud_hudlist_show_minions_desc" : "Mostrar o HP de todos os policiais convertidos.",
    "wolfhud_hudlist_show_own_minions_only_title" : "Apenas os próprios jokers",
    "wolfhud_hudlist_show_own_minions_only_desc" : "Exibir apenas os policiais convertidos por você.",
    "wolfhud_hudlist_show_pagers_title" : "Mostrar Pager",
    "wolfhud_hudlist_show_pagers_desc" : "Mostrar o tempo restante do pager, antes de ativar o alarme.",
    "wolfhud_hudlist_show_tape_loop_title" : "Mostrar o  loop da camera",
    "wolfhud_hudlist_show_tape_loop_desc" : "Mostra a contagem regressiva do loop da camera.",
    "wolfhud_hudlist_remove_answered_pagers_title" : "Remover o contorno do pager",
    "wolfhud_hudlist_remove_answered_pagers_desc" : "...se já estiver sendo respondido.",

    "wolfhud_infopanels_right_options_name" : "Opções da lista da direita",
    "wolfhud_infopanels_right_options_help" : "Opções para a lista de informações da direita.",

    "wolfhud_hudlist_show_enemies_title" : "Mostrar inimigos",
    "wolfhud_hudlist_show_enemies_desc" : "Mostra a quantidade de inimigos no mapa.",
    "wolfhud_hudlist_aggregate_enemies_title" : "Agregar inimigos",
    "wolfhud_hudlist_aggregate_enemies_desc" : "Mostra todos os inimigos em uma única info box.",
    "wolfhud_hudlist_show_turrets_title" : "Mostrar Turrets",
    "wolfhud_hudlist_show_turrets_desc" : "Mostrar a quantidade de turret vans no mapa.",
    "wolfhud_hudlist_show_civilians_title" : "Mostrar civis",
    "wolfhud_hudlist_show_civilians_desc" : "Mostrar quantidade de civis desamarrados no mapa.",
    "wolfhud_hudlist_show_hostages_title" : "Mostrar reféns",
    "wolfhud_hudlist_show_hostages_desc" : "mostrar a quantidade de civis amarrados.",
    "wolfhud_hudlist_aggregate_hostages_title" : "Agregar reféns",
    "wolfhud_hudlist_aggregate_hostages_desc" : "Mostrar todos os tipos de reféns em uma única info box.",
    "wolfhud_hudlist_show_minion_count_title" : "Mostrar a quantidade de minions",
    "wolfhud_hudlist_show_minion_count_desc" : "Mostrar a quantidade de policiais rendidos.",
    "wolfhud_hudlist_show_pager_count_title" : "Mostrar a quantidade de Pagers",
    "wolfhud_hudlist_show_pager_count_desc" : "Exibe a quantidade de pagers ativos no stealth.",
    "wolfhud_hudlist_show_cam_count_title" : "Mostrar quantidade de Cameras",
    "wolfhud_hudlist_show_cam_count_desc" : "Mostrar quantidade de câmeras ativas no stealth.",
    "wolfhud_hudlist_show_bodybags_count_title" : "Mostrar quantidade de body bags",
    "wolfhud_hudlist_show_bodybags_count_desc" : "Mostra a quantidade de bodybags do seu inventário estendido diretamente na sua tela no stealth.",
    "wolfhud_hudlist_show_corpse_count_title" : "Mostrar quantidade de corpos",
    "wolfhud_hudlist_show_corpse_count_desc" : "Mostra a quantidade de cadáveres e corpos ensacados no mapa em stealth.",
    "wolfhud_hudlist_show_loot_title" : "Mostrar o Loot",
    "wolfhud_hudlist_show_loot_desc" : "Conta o loot ensacável no mapa atual.",
    "wolfhud_hudlist_aggregate_loot_title" : "Agregar Loot",
    "wolfhud_hudlist_aggregate_loot_desc" : "Exibe todos os tipos de loot em um único valor.",
    "wolfhud_hudlist_separate_bagged_loot_title" : "Separar Loot ensacado",
    "wolfhud_hudlist_separate_bagged_loot_desc" : "Conta o loot ensacado e não ensacado separadamente.",
    "wolfhud_hudlist_show_potential_loot_title" : "Mostrar o loot em potencial",
    "wolfhud_hudlist_show_potential_loot_desc" : "Mostra a quantidade de caixas no mapa no contador de loot. \n(Lembre-se, as caixas podem estar vazias...)",
    "wolfhud_hudlist_show_special_pickups_title" : "Mostrar Pickups especiais",
    "wolfhud_hudlist_show_special_pickups_desc" : "Mostra a quantidade de químicos, keycards e outras coisas presentes no mapa.",
    "wolfhud_hudlist_show_mission_pickups_title" : "Mostrar Pickups da Missão presentes no mapa",
    "wolfhud_hudlist_show_mission_pickups_desc" : "Mostra a quantidade de químicos, keycards, tábuas e outros pickups da missão presentes no mapa.",
    "wolfhud_hudlist_show_collectables_pickups_title" : "Mostrar os pickups coletáveis",
    "wolfhud_hudlist_show_collectables_pickups_desc" : "Mostra a quantidade de pacotes do gage, Caixas do Spec-Ops, Keys presentes no mapa.",
    "wolfhud_hudlist_show_valuables_pickups_title" : "Mostrar Loot pickups presentes no mapa",
    "wolfhud_hudlist_show_valuables_pickups_desc" : "Mostra a quantidade de itens valiosos, como pacotes de dinheiro ou colares presentes no mapa.",

    "wolfhud_infopanels_buff_options_name" : "Opções da lista de buffs",
    "wolfhud_infopanels_buff_options_help" : "Opções para a lista de informações de buffs.",

    "wolfhud_infopanels_buff_mastermind_options_name" : "Mastermind Skills",
    "wolfhud_infopanels_buff_mastermind_options_help" : "Ativa ou desativa os indicadores visuais para as Skills de Mastermind.",
    "wolfhud_infopanels_buff_enforcer_options_name" : "Enforcer Skills",
    "wolfhud_infopanels_buff_enforcer_options_help" : "Enable or Disable visual indicators for Enforcer Skills.",
    "wolfhud_infopanels_buff_technician_options_name" : "Technician Skills",
    "wolfhud_infopanels_buff_technician_options_help" : "Ativa ou desativa os indicadores visuais para as Skills de Technician.",
    "wolfhud_infopanels_buff_ghost_options_name" : "Ghost Skills",
    "wolfhud_infopanels_buff_ghost_options_help" : "Ativa ou desativa os indicadores visuais para as Skills de Ghost.",
    "wolfhud_infopanels_buff_fugitive_options_name" : "Fugitive Skills",
    "wolfhud_infopanels_buff_fugitive_options_help" : "Ativa ou desativa os indicadores visuais para as Skills de Fugitive.",
    "wolfhud_infopanels_buff_perkdecks_options_name" : "Perk Decks",
    "wolfhud_infopanels_buff_perkdecks_options_help" : "Ativa ou desativa os indicadores visuais para os Perk Decks.",
    "wolfhud_infopanels_buff_gageboosts_options_name" : "Gage Boosts",
    "wolfhud_infopanels_buff_gageboosts_options_help" : "Ativa ou desativa os indicadores visuais para os Gage Boosts.",
    "wolfhud_infopanels_buff_henchmen_options_name" : "Henchmen Skills",
    "wolfhud_infopanels_buff_henchmen_options_help" : "Ativa ou desativa os indicadores visuais para as Skills de Henchmen.",

    "wolfhud_hudlist_show_buffs_title" : "Mostrar Buffs",
    "wolfhud_hudlist_show_buffs_desc" : "Exibe os Buffs ativos na parte de baixo no centro da tela.",
    "wolfhud_hudlist_damage_increase_compbuff_title" : "Buff de aumento de dano",
    "wolfhud_hudlist_damage_increase_compbuff_desc" : "Item de Buff composto, exibe o valor de toda a habilidade de dano adicionada.",
    "wolfhud_hudlist_damage_reduction_compbuff_title" : "Buff de redução de dano",
    "wolfhud_hudlist_damage_reduction_compbuff_desc" : "Item de Buff composto, exibe o valor de toda a habilidade de redução de dano adicionada.",
    "wolfhud_hudlist_melee_damage_increase_compbuff_title" : "Buff de aumento de dano com melee",
    "wolfhud_hudlist_melee_damage_increase_compbuff_desc" : "Item de Buff composto, exibe o valor de toda a habilidade de dano com melee adicionada.",
    "wolfhud_hudlist_passive_health_regen_compbuff_title" : "Regeneração de vida passiva",
    "wolfhud_hudlist_passive_health_regen_compbuff_desc" : "Item de Buff composto, exibe o valor de todo o efeito de regeneração de vida passiva.",
    "wolfhud_hudlist_total_dodge_chance_compbuff_title" : "Chance total de dodge",
    "wolfhud_hudlist_total_dodge_chance_compbuff_desc" : "Item de Buff composto, exibe o valor de toda a habilidade de dodge adicionada.",
    "wolfhud_hudlist_aggressive_reload_aced_buff_title" : "Aggressive Reload",
    "wolfhud_hudlist_aggressive_reload_aced_buff_desc" : "",
    "wolfhud_hudlist_ammo_efficiency_buff_title" : "Ammo Efficiency",
    "wolfhud_hudlist_ammo_efficiency_buff_desc" : "",
    "wolfhud_hudlist_armor_break_invulnerable_buff_title" : "Blitzkrieg Bop (Anarchist)",
    "wolfhud_hudlist_armor_break_invulnerable_buff_desc" : "",
    "wolfhud_hudlist_berserker_buff_title" : "Berserker",
    "wolfhud_hudlist_berserker_buff_desc" : "Parte dos Buffs compostos.",
    "wolfhud_hudlist_biker_buff_title" : "Regen Debuff (Biker)",
    "wolfhud_hudlist_biker_buff_desc" : "",
    "wolfhud_hudlist_bloodthirst_basic_buff_title" : "Bloodthirst (Basic)",
    "wolfhud_hudlist_bloodthirst_basic_buff_desc" : "Parte dos Buffs compostos.",
    "wolfhud_hudlist_bloodthirst_aced_buff_title" : "Bloodthirst (Aced)",
    "wolfhud_hudlist_bloodthirst_aced_buff_desc" : "",
    "wolfhud_hudlist_bullet_storm_buff_title" : "Bullet Storm",
    "wolfhud_hudlist_bullet_storm_buff_desc" : "",
    "wolfhud_hudlist_close_contact_buff_title" : "Close Contact (Infiltrator)",
    "wolfhud_hudlist_close_contact_buff_desc" : "Parte dos Buffs compostos.",
    "wolfhud_hudlist_combat_medic_buff_title" : "Combat Medic (Active)",
    "wolfhud_hudlist_combat_medic_buff_desc" : "Parte dos Buffs compostos.",
    "wolfhud_hudlist_combat_medic_passive_buff_title" : "Combat Medic (Passive)",
    "wolfhud_hudlist_combat_medic_passive_buff_desc" : "Parte dos Buffs compostos.",
    "wolfhud_hudlist_desperado_buff_title" : "Desperado",
    "wolfhud_hudlist_desperado_buff_desc" : "",
    "wolfhud_hudlist_die_hard_buff_title" : "Die Hard",
    "wolfhud_hudlist_die_hard_buff_desc" : "Parte dos Buffs compostos.",
    "wolfhud_hudlist_dire_need_buff_title" : "Dire Need",
    "wolfhud_hudlist_dire_need_buff_desc" : "",
    "wolfhud_hudlist_frenzy_buff_title" : "Frenzy",
    "wolfhud_hudlist_frenzy_buff_desc" : "Parte dos Buffs compostos.",
    "wolfhud_hudlist_grinder_buff_title" : "Health Regen (Grinder)",
    "wolfhud_hudlist_grinder_buff_desc" : "",
    "wolfhud_hudlist_chico_injector_buff_title" : "Injector Duration (Kingpin)",
    "wolfhud_hudlist_chico_injector_buff_desc" : "",
    "wolfhud_hudlist_damage_control_debuff_title" : "Flask Duration (Stoic)",
    "wolfhud_hudlist_damage_control_debuff_desc" : "",
    "wolfhud_hudlist_delayed_damage_buff_title" : "Delayed Damage (Stoic)",
    "wolfhud_hudlist_delayed_damage_buff_desc" : "",
    "wolfhud_hudlist_hostage_situation_buff_title" : "Hostage Situation (Crew Chief)",
    "wolfhud_hudlist_hostage_situation_buff_desc" : "Parte dos Buffs compostos.",
    "wolfhud_hudlist_hostage_taker_buff_title" : "Hostage Taker",
    "wolfhud_hudlist_hostage_taker_buff_desc" : "",
    "wolfhud_hudlist_inspire_buff_title" : "Inspire (Boost)",
    "wolfhud_hudlist_inspire_buff_desc" : "",
    "wolfhud_hudlist_lock_n_load_buff_title" : "Lock 'n' Load",
    "wolfhud_hudlist_lock_n_load_buff_desc" : "",
    "wolfhud_hudlist_melee_stack_damage_buff_title" : "Melee Stack damage (Infiltrator)",
    "wolfhud_hudlist_melee_stack_damage_buff_desc" : "Parte dos Buffs compostos.",
    "wolfhud_hudlist_maniac_buff_title" : "Damage Reduction (Maniac)",
    "wolfhud_hudlist_maniac_buff_desc" : "",
    "wolfhud_hudlist_muscle_regen_buff_title" : "Health Regen (Muscle)",
    "wolfhud_hudlist_muscle_regen_buff_desc" : "",
    "wolfhud_hudlist_messiah_buff_title" : "Messiah",
    "wolfhud_hudlist_messiah_buff_desc" : "",
    "wolfhud_hudlist_overdog_buff_title" : "Overdog (Infiltrator)",
    "wolfhud_hudlist_overdog_buff_desc" : "",
    "wolfhud_hudlist_overkill_buff_title" : "Overkill",
    "wolfhud_hudlist_overkill_buff_desc" : "Parte dos Buffs compostos.",
    "wolfhud_hudlist_painkiller_buff_title" : "Painkiller",
    "wolfhud_hudlist_painkiller_buff_desc" : "Parte dos Buffs compostos.",
    "wolfhud_hudlist_partner_in_crime_buff_title" : "Partner in Crime",
    "wolfhud_hudlist_partner_in_crime_buff_desc" : "Parte dos Buffs compostos.",
    "wolfhud_hudlist_running_from_death_buff_title" : "Running from Death",
    "wolfhud_hudlist_running_from_death_buff_desc" : "",
    "wolfhud_hudlist_pocket_ecm_jammer_buff_title" : "Pocket ECM Duration (Hacker)",
    "wolfhud_hudlist_pocket_ecm_jammer_buff_desc" : "",
    "wolfhud_hudlist_pocket_ecm_kill_dodge_buff_title" : "Pocket ECM Dodge (Hacker)",
    "wolfhud_hudlist_pocket_ecm_kill_dodge_buff_desc" : "Part of Composite Buffs.",
    "wolfhud_hudlist_quick_fix_buff_title" : "Quick Fix",
    "wolfhud_hudlist_quick_fix_buff_desc" : "Parte dos Buffs compostos.",
    "wolfhud_hudlist_second_wind_buff_title" : "Second Wind",
    "wolfhud_hudlist_second_wind_buff_desc" : "",
    "wolfhud_hudlist_sixth_sense_buff_title" : "Sixth Sense",
    "wolfhud_hudlist_sixth_sense_buff_desc" : "",
    "wolfhud_hudlist_sicario_dodge_buff_title" : "Additional Dodge (Sicario)",
    "wolfhud_hudlist_sicario_dodge_buff_desc" : "",
    "wolfhud_hudlist_smoke_screen_buff_title" : "Smoke Bomb (Sicario)",
    "wolfhud_hudlist_smoke_screen_buff_desc" : "",
    "wolfhud_hudlist_tag_team_buff_title" : "Gas Dispenser (Tag Team)",
    "wolfhud_hudlist_tag_team_buff_desc" : "",
    "wolfhud_hudlist_swan_song_buff_title" : "Swan Song",
    "wolfhud_hudlist_swan_song_buff_desc" : "",
    "wolfhud_hudlist_tooth_and_claw_buff_title" : "Tooth and Claw (Hitman)",
    "wolfhud_hudlist_tooth_and_claw_buff_desc" : "",
    "wolfhud_hudlist_trigger_happy_buff_title" : "Trigger Happy",
    "wolfhud_hudlist_trigger_happy_buff_desc" : "Parte dos Buffs compostos.",
    "wolfhud_hudlist_underdog_buff_title" : "Underdog",
    "wolfhud_hudlist_underdog_buff_desc" : "Parte dos Buffs compostos.",
    "wolfhud_hudlist_unseen_strike_buff_title" : "Unseen Strike",
    "wolfhud_hudlist_unseen_strike_buff_desc" : "",
    "wolfhud_hudlist_up_you_go_buff_title" : "Up you Go",
    "wolfhud_hudlist_up_you_go_buff_desc" : "Parte dos Buffs compostos.",
    "wolfhud_hudlist_uppers_buff_title" : "Uppers",
    "wolfhud_hudlist_uppers_buff_desc" : "",
    "wolfhud_hudlist_yakuza_buff_title" : "Armor Regen Speed (Yakuza)",
    "wolfhud_hudlist_yakuza_buff_desc" : "",
    "wolfhud_hudlist_anarchist_armor_recovery_debuff_title" : "Lust for Life (Anarchist)",
    "wolfhud_hudlist_anarchist_armor_recovery_debuff_desc" : "",
    "wolfhud_hudlist_ammo_give_out_debuff_title" : "Ammo give out Debuff (Gambler)",
    "wolfhud_hudlist_ammo_give_out_debuff_desc" : "",
    "wolfhud_hudlist_bullseye_debuff_title" : "Bullseye Debuff",
    "wolfhud_hudlist_bullseye_debuff_desc" : "",
    "wolfhud_hudlist_inspire_debuff_title" : "Inspire Boost Debuff",
    "wolfhud_hudlist_inspire_debuff_desc" : "",
    "wolfhud_hudlist_inspire_revive_debuff_title" : "Inspire Revive Debuff",
    "wolfhud_hudlist_inspire_revive_debuff_desc" : "",
    "wolfhud_hudlist_life_drain_debuff_title" : "Life Drain Debuff (Infiltrator)",
    "wolfhud_hudlist_life_drain_debuff_desc" : "",
    "wolfhud_hudlist_medical_supplies_debuff_title" : "Medical Supplies Debuff (Gambler)",
    "wolfhud_hudlist_medical_supplies_debuff_desc" : "",
    "wolfhud_hudlist_sociopath_debuff_title" : "Regen Debuff (Sociopath)",
    "wolfhud_hudlist_sociopath_debuff_desc" : "",
    "wolfhud_hudlist_armorer_teambuff_title" : "Armor Increase Teambuff (Armorer)",
    "wolfhud_hudlist_armorer_teambuff_desc" : "",
    "wolfhud_hudlist_bulletproof_teambuff_title" : "Bulletproof Teambuff",
    "wolfhud_hudlist_bulletproof_teambuff_desc" : "",
    "wolfhud_hudlist_crew_chief_teambuff_title" : "Increased Stats Teambuff (Crew Chief)",
    "wolfhud_hudlist_crew_chief_teambuff_desc" : "Part of Composite Buffs.",
    "wolfhud_hudlist_forced_friendship_teambuff_title" : "Forced Friendship Teambuff",
    "wolfhud_hudlist_forced_friendship_teambuff_desc" : "",
    "wolfhud_hudlist_life_steal_gage_debuff_title" : "Life Steal",
    "wolfhud_hudlist_life_steal_gage_debuff_desc" : "",
    "wolfhud_hudlist_invulnerable_gage_buff_title" : "Invulnerability",
    "wolfhud_hudlist_invulnerable_gage_buff_desc" : "",
    "wolfhud_hudlist_crew_inspire_debuff_title" : "Inspiring",
    "wolfhud_hudlist_crew_inspire_debuff_desc" : "",
    "wolfhud_hudlist_crew_throwable_regen_buff_title" : "Stockpiler",
    "wolfhud_hudlist_crew_throwable_regen_buff_desc" : "",
    "wolfhud_hudlist_crew_health_regen_buff_title" : "Healer",
    "wolfhud_hudlist_crew_health_regen_buff_desc" : "",

    "wolfhud_waypoints_options_name" : "Opções do Custom Waypoints",
    "wolfhud_waypoints_options_help" : "Opções para o controle do Custom Waypoints.",

    "wolfhud_waypoints_color_title" : "Cor dos Waypoints",
    "wolfhud_waypoints_color_desc" : "A cor para os waypoints padrão da missão.",
    "wolfhud_waypoints_show_ammo_bag_title" : "Mostrar Ammo Bags",
    "wolfhud_waypoints_show_ammo_bag_desc" : "Mostra Waypoints para as Ammo bags, com a porcentagem de munição restante.",
    "wolfhud_waypoints_show_doc_bag_title" : "Mostrar Doctor Bags",
    "wolfhud_waypoints_show_doc_bag_desc" : "Mostra os Waypoints para as Doctor Bags, com o números de cargas restante.",
    "wolfhud_waypoints_show_first_aid_kit_title" : "Mostrar First Aid Kits",
    "wolfhud_waypoints_show_first_aid_kit_desc" : "Mostra os Waypoints para as First Aid Kits, com os seus efeitos de skill.",
    "wolfhud_waypoints_show_body_bag_title" : "Mostrar Bodybag Case",
    "wolfhud_waypoints_show_body_bag_desc" : "Mostra os Waypoints para as bodybag cases, com a quantidade de Bodybags restantes.",
    "wolfhud_waypoints_show_grenade_crate_title" : "Mostrar Grenade Case",
    "wolfhud_waypoints_show_grenade_crate_desc" : "Mostrar os Waypoints para as Grenade Cases, com a quantidade de granadas restante.",
    "wolfhud_waypoints_show_sentries_title" : "Mostrar Sentries",
    "wolfhud_waypoints_show_sentries_desc" : "Mostra os Waypoints para as Sentries, com a quantidade de munição restante.",
    "wolfhud_waypoints_show_ecms_title" : "Mostrar ECMs",
    "wolfhud_waypoints_show_ecms_desc" : "Mostra os Waypoints para as ECMs, com a bateria restante e a duração do feedback.",
    "wolfhud_waypoints_show_timers_title" : "Mostrar Timers",
    "wolfhud_waypoints_show_timers_desc" : "Mostra os Waypoints para os timers, com o tempo restante e upgrades ativos.",
    "wolfhud_waypoints_show_loot_title" : "Mostrar Loot",
    "wolfhud_waypoints_show_loot_desc" : "Mostra o nome do loot sobre ele, quando olhar de perto.",
    "wolfhud_waypoints_loot_icon_title" : "Ícone da Bag",
    "wolfhud_waypoints_loot_icon_desc" : "Mostra um ícone da bag no loot ensacado.",
    "wolfhud_waypoints_loot_offset_title" : "Deslocamento de altura",
    "wolfhud_waypoints_loot_offset_desc" : "Configura o deslocamento de altura do rótulo de texto no loot.",
    "wolfhud_waypoints_loot_bagged_offset_title" : "Compensação de altura do loot ensacado",
    "wolfhud_waypoints_loot_bagged_offset_desc" : "Configura a compensação de altura do rótulo de texto do loot ensacado.",
    "wolfhud_waypoints_loot_angle_title" : "Ângulo visível",
    "wolfhud_waypoints_loot_angle_desc" : "Configura o ângulo do texto visível.",
    "wolfhud_waypoints_show_special_equipment_title" : "Mostrar equipamento especial",
    "wolfhud_waypoints_show_special_equipment_desc" : "Mostra os waypoints para vários equipamentos diferentes. Bom para aprender as diferentes localizações.",
    "wolfhud_waypoints_show_minions_title" : "Mostrar os Minions",
    "wolfhud_waypoints_show_minions_desc" : "Mostra o nome do minion acima da cabeça dele, da cor do player que o converteu.\nTambém exibe a Killcount dele.",
    "wolfhud_waypoints_show_pager_title" : "Mostrar Pager",
    "wolfhud_waypoints_show_pager_desc" : "Mostra um waypoint para os pagers ativos. Muda a cor dele, quando alguém está respondendo.",

    "wolfhud_tabstats_options_name" : "Opções do TabStats",
    "wolfhud_tabstats_options_help" : "Configure o visual do seu Tabscreen.",

    "wolfhud_tabstats_clock_mode_title" : "Formato do relógio",
    "wolfhud_tabstats_clock_mode_desc" : "Qual o formato que o relógio usa?",
    "wolfhud_tabstats_clock_mode_a" : "12-h",
    "wolfhud_tabstats_clock_mode_b" : "24-h",
    "wolfhud_tabstats_clock_mode_c" : "Tempo do assalto",
    "wolfhud_use_tabstats_title" : "Usar TabStats",
    "wolfhud_use_tabstats_desc" : "Mostra suas estatísticas na tela de inventário estendido, em vez do sumário da missão.\n(Uma mudança de mapa é necessária para aplicar...)",
    "wolfhud_tabstats_font_size_title" : "Tamanho da fonte da lista",
    "wolfhud_tabstats_font_size_desc" : "Tamanho da fonte da lista avançada de estatísticas.",
    "wolfhud_tabstats_color_title" : "Cor da lista",
    "wolfhud_tabstats_color_desc" : "Cor da lista avançada de estatísticas.",
    "wolfhud_tabstats_actual_mask_title" : "Usar máscara vigente",
    "wolfhud_tabstats_actual_mask_desc" : "Usa a máscara vigente em vez da máscara do personagem.",
    "wolfhud_tabstats_numberic_loot_title" : "Contador numérico de loot",
    "wolfhud_tabstats_numberic_loot_desc" : "Desativa o minigame de contagem de sacos e mostra o número imediato.",

    "wolfhud_crewloadout_options_name" : "Opções do Crew Loadout",
    "wolfhud_crewloadout_options_help" : "Escolha onde você deseja obter Informações sobre quais equipamentos e habilidades seus companheiros de equipe estão trazendo.",

    "wolfhud_crewloadout_lobby_title" : "Mostrar no Lobby",
    "wolfhud_crewloadout_lobby_desc" : "Adiciona um botão na tela do lobby, que exibe o seu equipamento e o da equipe.",
    "wolfhud_crewloadout_cs_lobby_title" : "Mostrar no Lobby do Crimespree",
    "wolfhud_crewloadout_cs_lobby_desc" : "Adiciona uma nova aba a direita dos modificadores e recompensas no lobby do CrimeSpree.",
    "wolfhud_crewloadout_briefing_title" : "Substituir no sumário",
    "wolfhud_crewloadout_briefing_desc" : "Substitui o painel padrão do Crew Loadout no sumário da missão.",
    "wolfhud_crewloadout_tabscreen_title" : "Mostrar no inventário estendido",
    "wolfhud_crewloadout_tabscreen_desc" : "Exibe as Skills, Perk e o ping atual dos jogadores no seu lobby. \n(Fica desativado se você usar esse recurso do LobbyPlayerInfo)",
        "wolfhud_profilemenu_replace_title" : "Substituir o menu de perfil",
        "wolfhud_profilemenu_replace_desc" : " Substitui o seletor de perfil padrão pelo do WolfHUD.",

    "wolfhud_dmgindicator_options_name" : "Indicador de dano",
    "wolfhud_dmgindicator_options_help" : "Configura o tempo de desaparecimento, o tamanho e cor ou os seus indicadores de dano.",

    "wolfhud_show_dmg_indicator_title" : "Indicador de dano dinâmico",
    "wolfhud_show_dmg_indicator_desc" : "Transforma os 4 indicadores de danos estáticos em vários tipos dinâmicos, movendo-se de acordo com sua posição e a posição da qual você foi danificado.",
    "wolfhud_dmg_ind_time_title" : "Duração do indicador",
    "wolfhud_dmg_ind_time_desc" : "Determina o tempo que o indicador será mostrado.",
    "wolfhud_dmg_ind_size_title" : "Tamanho do indicador",
    "wolfhud_dmg_ind_size_desc" : "Determina o tamanho do círculo e os indicadores são colocados ao redor.",
    "wolfhud_dmg_indicator_max_count_title" : "Contagem máxima de indicadores",
    "wolfhud_dmg_indicator_max_count_desc" : "Especifica a quantidade máxima de indicadores de dano na tela.",
    "wolfhud_dmg_shield_color_title" : "Cor do colete",
    "wolfhud_dmg_shield_color_desc" : "Cor do indicador, quando apenas você perder armor.",
    "wolfhud_dmg_health_color_title" : "Cor do HP",
    "wolfhud_dmg_health_color_desc" : "Cor do indicador, quando você perder saúde.",
    "wolfhud_dmg_crit_color_title" : "Cor de vida baixo",
    "wolfhud_dmg_crit_color_desc" : "Cor do indicador, quando a vida estiver baixando.",
    "wolfhud_dmg_vehicle_color_title" : "Cor do veículo",
    "wolfhud_dmg_vehicle_color_desc" : "Cor do indicador, quando o veículo que você está levar dano.",
    "wolfhud_dmg_friendlyfire_color_title" : "Cor do fogo amigo",
    "wolfhud_dmg_friendlyfire_color_desc" : "Cor do indicador, quando você levar dano de tiro ou explosivos.",

    "wolfhud_dmgpopup_options_name" : "Popup de dano no inimigo",
    "wolfhud_dmgpopup_options_help" : "Um Popup próximo da cabeça dos inimigos, exibindo o dano tomado.",

    "wolfhud_show_dmg_popup_title" : "Exibir Popup de dano",
    "wolfhud_show_dmg_popup_desc" : "Ativa o popup de dano.",
    "wolfhud_dmg_popup_player" : "Jogador",
    "wolfhud_dmg_popup_all" : "Todos",
    "wolfhud_dmg_popup_scale_title" : "Escala do Popup",
    "wolfhud_dmg_popup_scale_desc" : "Muda o tamanho dos popups de dano.",
    "wolfhud_dmg_popup_skull_scale_title" : "Escala da caveira",
    "wolfhud_dmg_popup_skull_scale_desc" : "Muda o tamanho do ícone da caveira quando matar um inimigo.",
    "wolfhud_dmg_popup_skull_align_title" : "Posição da caveira",
    "wolfhud_dmg_popup_skull_align_desc" : "Muda o alinhamento do ícone da caveira quando matar um inimigo.",
    "wolfhud_dmg_popup_time_title" : "Tempo do Popup",
    "wolfhud_dmg_popup_time_desc" : "Determina quanto tempo o popup vai ficar.",
    "wolfhud_dmg_popup_height_title" : "Altura do Popup",
    "wolfhud_dmg_popup_height_desc" : "Determina quão alto o popup aperecerá sobre o inimigo.",
    "wolfhud_dmg_popup_alpha_title" : "Opacidade do Popup",
    "wolfhud_dmg_popup_alpha_desc" : "Configura a opacidade do popup.",
    "wolfhud_dmg_popup_color_title" : "Popup do BodyShots",
    "wolfhud_dmg_popup_color_desc" : "Configura a cor do popup para os tiros no corpo",
    "wolfhud_dmg_popup_critical_color_title" : "Popup de dano crítico",
    "wolfhud_dmg_popup_critical_color_desc" : "Configura a cor do popup para danos críticos.",
    "wolfhud_dmg_popup_headshot_color_title" : "Popup dos Headshots",
    "wolfhud_dmg_popup_headshot_color_desc" : "Configura a cor do popup para headshots.",

    "wolfhud_enemyhealthbar_options_name" : "Barra de vida do inimigo",
    "wolfhud_enemyhealthbar_options_help" : "Determine quais unidades tem uma barra de vida.",

    "wolfhud_show_enemyhealthbar_title" : "Mostrar barra de vida do inimigo",
    "wolfhud_show_enemyhealthbar_desc" : "Exibe uma barra de vida no centro da tela, ao almejar um inimigo.\n(Uma mudança de mapa é necessária para aplicar...)",
    "wolfhud_show_civhealthbar_title" : "Barra de vida dos civis",
    "wolfhud_show_civhealthbar_desc" : "Também mostra uma barra de vida para os civis e a IA aliada.",
    "wolfhud_show_carhealthbar_title" : "Mostrar barra de vida dos veículos",
    "wolfhud_show_carhealthbar_desc" : "Mostra uma barra de vida para veículos dirigíveis.",
    "wolfhud_show_healthbar_pointer_title" : "Mostrar cursor",
    "wolfhud_show_healthbar_pointer_desc" : "Mostra uma flecha abaixo da barra de vida, indicando o dono da barra de vida.",

    "wolfhud_interaction_options_name" : "Opções de interação",
    "wolfhud_interaction_options_help" : "Escolha suas preferências pessoais de interação.",

    "wolfhud_press2hold_lock_mode_title" : "Modo Lock",
    "wolfhud_press2hold_lock_mode_desc" : "Trava, quando a interação for maior que X segundos. (Progresso)\nTrava, quando o tempo total de interação for maior que X segundos. (Total)",
    "wolfhud_press2hold_lock_mode_a" : "Progresso",
    "wolfhud_press2hold_lock_mode_b" : "Total",
    "wolfhud_press2hold_lock_mode_c" : "Pagers+lockpick",
    "wolfhud_press2hold_lock_mode_d" : "Apenas Pagers",
    "wolfhud_press2hold_min_timer_duration_title" : "Tempo minímo de duração",
    "wolfhud_press2hold_min_timer_duration_desc" : "A duração mínima para a interação travar.",
    "wolfhud_press2hold_show_lockindicator_title" : "Mostrar indicador de trava",
    "wolfhud_press2hold_show_lockindicator_desc" : "Mostrar círculo de sobreposição vermelho/verde transparente, para indicar que o tempo de duração está travado ou não.",
    "wolfhud_press2hold_equipment_cancel_title" : "Interrupção de Equipamento",
    "wolfhud_press2hold_equipment_cancel_desc" : "Interrompe a interação travada com o seu equipamento.\n(Caso contrário pressione a tecla de duração novamente.)",
    "wolfhud_press2hold_interrupt_hint_title" : "Mostrar sugestão de interrupção",
    "wolfhud_press2hold_interrupt_hint_desc" : "Exibe um texto para lembrar que botão interromperá a sua interação.",
    "wolfhud_press2hold_show_timer_title" : "Mostrar tempo restante",
    "wolfhud_press2hold_show_timer_desc" : "Exibe o tempo restante dentro do circulo de interação.",
    "wolfhud_press2hold_show_circle_title" : "Mostrar círculo de interação",
    "wolfhud_press2hold_show_circle_desc" : "Determina se o círculo de interação padrão deve ser exibido.",
    "wolfhud_press2hold_circle_scale_title" : "Escala do círculo",
    "wolfhud_press2hold_circle_scale_desc" : "Fator de escala do circulo de interação.",
    "wolfhud_press2hold_timer_scale_title" : "Escala do timer",
    "wolfhud_press2hold_timer_scale_desc" : "Fator de escala do timer do centro (Leva em conta a escala do círculo).",
    "wolfhud_press2hold_text_scale_title" : "Escala do texto",
    "wolfhud_press2hold_text_scale_desc" : "Fator de escala do texto de interação abaixo do círculo.",
    "wolfhud_press2hold_show_reload_circle_title" : "Mostrar o tempo de reload",
    "wolfhud_press2hold_show_reload_circle_desc" : "Determina se deve exibir o  tempo de recarregamento da arma no hud.",
    "wolfhud_press2hold_show_melee_circle_title" : "Mostrar carregamento de melee",
    "wolfhud_press2hold_show_melee_circle_desc" : "Determina se deve exibir o tempo que leva para carregar um golpe, no hud em forma de interação.",
    "wolfhud_press2hold_timer_color_start_title" : "Cor do timer (Início)",
    "wolfhud_press2hold_timer_color_start_desc" : "Cor para o timer de início.",
    "wolfhud_press2hold_timer_color_title" : "Cor do timer (Fim)",
    "wolfhud_press2hold_timer_color_desc" : "Cor para o timer a ser concluido.",
    "wolfhud_press2hold_show_timer_outline_title" : "Contorno preto",
    "wolfhud_press2hold_show_timer_outline_desc" : "Mostra um contorno preto ao redor do texto de tempo restante.",
    "wolfhud_doubletap_nades_stealth_title" : "Supressão de granadas no Stealth",
    "wolfhud_doubletap_nades_stealth_desc" : "Quando marcado, você precisa apertar a tecla 2x para arremessar uma granada no stealth. \nApenas para prevenir acidentes.",
    "wolfhud_hold_to_pick_title" : "Pickup automático",
    "wolfhud_hold_to_pick_desc" : "Todo loot pequeno será pego automaticamente, enquanto a tecla de interação estiver pressionada.",

    "wolfhud_inventory_options_name" : "Opções de melhoria no inventário",
    "wolfhud_inventory_options_help" : "Opções para mudar o visual e o comportamento do seu inventário.",

    "wolfhud_equipment_senty_auto_ap_title" : "Modo AP automático da Sentry",
    "wolfhud_equipment_senty_auto_ap_desc" : "As Sentries vão dar spawn em modo AP, se você tiver a Skill.",
    "wolfhud_equipment_tripmine_auto_sensor_stealth_title" : "Trip-Mine com modo sensor automático",
    "wolfhud_equipment_tripmine_auto_sensor_stealth_desc" : "Trip-Mines vão dar spawn em modo Sensor, no stealth.",
    "wolfhud_equipment_ecm_feedback_disabled_stealth_title" : "Supressão de feedback do ECM",
    "wolfhud_equipment_ecm_feedback_disabled_stealth_desc" : "ECM Feedback será desativado no stealth.(para evitar acidentes)",
    "wolfhud_equipment_shaped_charge_disabled_stealth_title" : "Supressão da Shaped Charge",
    "wolfhud_equipment_shaped_charge_disabled_stealth_desc" : "Quando marcado, você precisa apertar a tecla 2x para dar deploy em shaped charges no stealth. \nApenas para prevenir acidentes.",
    "wolfhud_equipment_keycard_doors_disabled_title" : "Supressão de Keycard para portas",
    "wolfhud_equipment_keycard_doors_disabled_desc" : "Quando marcado, você precisa apertar a tecla 2x para fechar portas na hoxton breakout dia 2. \nApenas para prevenir acidentes.",
    "wolfhud_override_fedinv" : "Enable Federal Inventory",
    "wolfhud_override_fedinv_desc" : "Enable colorized Inventory icons.\nRequires game restart to fully take effect.",

    "wolfhud_gadget_options_name" : "Opções para os gadgets das armas",
    "wolfhud_gadget_options_help" : "Especifica a cor dos lasers.",

    "wolfhud_laser_autoon_title" : "Ativar laser automaticamente",
    "wolfhud_laser_autoon_desc" : "Ativa o laser automaticamente ao iniciar, nas armas que o possui.",
    "wolfhud_show_angeled_sight_title" : "Mostra mira angulada",
    "wolfhud_show_angeled_sight_desc" : "Inclina a arma na sua mão, enquanto a mira angulada estiver habilitada.",

    "wolfhud_gadget_player_laser_options_name" : "Laser do jogador",
    "wolfhud_gadget_player_laser_options_help" : "Configuração do seu laser.",
    "wolfhud_gadget_player_sentry_laser_options_name" : "Opções para a Sentry do jogador",
    "wolfhud_gadget_player_sentry_laser_options_help" : "Configurações para os lasers das sentries.",
    "wolfhud_gadget_team_laser_options_name" : "Lasers da equipe",
    "wolfhud_gadget_team_laser_options_help" : "Opções para os lasers da equipe.",
    "wolfhud_gadget_team_sentry_laser_options_name" : "Lasers das Sentries da equipe",
    "wolfhud_gadget_team_sentry_laser_options_help" : "Opções para os lasers das Sentries da equipe.",
    "wolfhud_gadget_sniper_laser_options_name" : "Laser do Sniper",
    "wolfhud_gadget_sniper_laser_options_help" : "Configuração para o laser dos snipers inimigos.",
    "wolfhud_gadget_turret_laser_active_options_name" : "Laser da turret (ativa)",
    "wolfhud_gadget_turret_laser_active_options_help" : "Configuração do lasers para a SWAT Turret ativa.",
    "wolfhud_gadget_turret_laser_rearming_options_name" : "Laser da turret (Rearmando)",
    "wolfhud_gadget_turret_laser_rearming_options_help" : "Configuraçes para o Laser da SWAT turret recarregando.",
    "wolfhud_gadget_turret_laser_mad_options_name" : "Laser da Turret (Doidona)",
    "wolfhud_gadget_turret_laser_mad_options_help" : "Configuraçes de laser para a SWAT turret sob o efeito de ECM.",
    "wolfhud_gadget_player_flashlight_options_name" : "Lanterna do jogador",
    "wolfhud_gadget_player_flashlight_options_help" : "Configuraçes para a sua lanterna.",
    "wolfhud_gadget_team_flashlight_options_name" : "Lanterna da equipe",
    "wolfhud_gadget_team_flashlight_options_help" : "Opções para as lanternas da equipe.",

    "wolfhud_gadgets_enabled_title" : "Sobrescrever Cor",
    "wolfhud_gadgets_enabled_desc" : "Usar esta definição em vez da configuração do gadget.",
    "wolfhud_gadgets_beam_r_title" : "Feixe de Laser (R)",
    "wolfhud_gadgets_beam_r_desc" : "Componente de cor vermelha do laser.",
    "wolfhud_gadgets_beam_g_title" : "Feixe de Laser (G)",
    "wolfhud_gadgets_beam_g_desc" : "Componente de cor verde do laser.",
    "wolfhud_gadgets_beam_b_title" : "Laser Beam (B)",
    "wolfhud_gadgets_beam_b_desc" : "Componente de cor azul do laser.",
    "wolfhud_gadgets_beam_a_title" : "Feixe de laser Alpha",
    "wolfhud_gadgets_beam_a_desc" : "Opacidade do feixe de laser.",
    "wolfhud_gadgets_dot_match_title" : "Cor do ponto",
    "wolfhud_gadgets_dot_match_desc" : "Determina, se o ponto e o feixe do laser devem ser da mesma cor.",
    "wolfhud_gadgets_dot_r_title" : "Ponto do Laser (R)",
    "wolfhud_gadgets_dot_r_desc" : "Componente de ponto na cor vermelha.",
    "wolfhud_gadgets_dot_g_title" : "Ponto do laser (G)",
    "wolfhud_gadgets_dot_g_desc" : "Componente de ponto na cor verde.",
    "wolfhud_gadgets_dot_b_title" : "Ponto do laser (B)",
    "wolfhud_gadgets_dot_b_desc" : "Componente de ponto na cor azul.",
    "wolfhud_gadgets_dot_a_title" : "Alpha do ponto do laser",
    "wolfhud_gadgets_dot_a_desc" : "Opacidade do ponto do laser.",
    "wolfhud_gadgets_glow_match_title" : "Cor do brilho",
    "wolfhud_gadgets_glow_match_desc" : "Determina, se a cor do brilho do laser deve ser igual ao do feixe.",
    "wolfhud_gadgets_glow_r_title" : "Brilho do laser (R)",
    "wolfhud_gadgets_glow_r_desc" : "Componente brilho do laser de cor vermelha.",
    "wolfhud_gadgets_glow_g_title" : "Brilho do laser (G)",
    "wolfhud_gadgets_glow_g_desc" : "Componente brilho do laser de cor verde.",
    "wolfhud_gadgets_glow_b_title" : "Brilho do laser (B)",
    "wolfhud_gadgets_glow_b_desc" : "Componente brilho do laser de cor azul.",
    "wolfhud_gadgets_glow_a_title" : "Alpha do brilho do laser",
    "wolfhud_gadgets_glow_a_desc" : "Opacidade do brilho do laser.",
    "wolfhud_gadgets_light_r_title" : "Lanterna (R)",
    "wolfhud_gadgets_light_r_desc" : "Componente da lanterna de cor vermelha.",
    "wolfhud_gadgets_light_g_title" : "Lanterna (G)",
    "wolfhud_gadgets_light_g_desc" : "Componente da lanterna de cor verde.",
    "wolfhud_gadgets_light_b_title" : "Lanterna (B)",
    "wolfhud_gadgets_light_b_desc" : "Componente da lanterna de cor azul.",
    "wolfhud_gadgets_light_brightness_title" : "Brilho da lanterna",
    "wolfhud_gadgets_light_brightness_desc" : "Intensidade do brilho da lanterna.",
    "wolfhud_gadgets_light_angle_title" : "Angulo da lanterna",
    "wolfhud_gadgets_light_angle_desc" : "O ângulo que a lanterna ilumina.",
    "wolfhud_gadgets_light_range_title" : "Alcance da lanterna",
    "wolfhud_gadgets_light_range_desc" : "A distância que a lanterna pode cobrir.",
    "wolfhud_gadgets_rainbow_enabled_title" : "Ativar arco-íris",
    "wolfhud_gadgets_rainbow_enabled_desc" : "Ativa o modo arco-iris.",
    "wolfhud_gadgets_rainbow_frequency_title" : "Frequencia do arco-iris",
    "wolfhud_gadgets_rainbow_frequency_desc" : "Determina o quão rápido o arco-íris muda de cor.",
    "wolfhud_gadgets_pulse_enabled_title" : "Ativar Pulse",
    "wolfhud_gadgets_pulse_enabled_desc" : "Ativa o modo pulse.",
    "wolfhud_gadgets_pulse_min_title" : "Pulso Minimo",
    "wolfhud_gadgets_pulse_min_desc" : "Modificador de Opacidade Mínima a usar.",
    "wolfhud_gadgets_pulse_max_title" : "Pulse Maximo",
    "wolfhud_gadgets_pulse_max_desc" : "Modificador de Opacidade Máxima a usar.",
    "wolfhud_gadgets_pulse_frequency_title" : "Frequencia do pulso",
    "wolfhud_gadgets_pulse_frequency_desc" : "Determina o tempo que o multiplicador leva do pulso mínimo ao máximo.",

    "wolfhud_skipit_options_name" : "Opções de pulo",
    "wolfhud_skipit_options_help" : "Opções para pular menus desnecessários automaticamente e poupar seu tempo.",
    "wolfhud_assaultbanner_options_name" : "Opções do Assault Banner",
"wolfhud_assaultbanner_options_help" : "Opções para mudar o Assault Banner."
}
