{
    "menu_jowi" : "Wick",
    "hud_int_hold_grab_the_bag" : "Oprime $INTERACT para agarrar $BAG",

    "wolfhud_dialog_force_start_title" : "¿Forzar inicio de partida?",
    "wolfhud_dialog_force_start_desc" : "¿Deseas forzar el inicio de la partida?Seg?\n\nPor favor solo usa esto en lobbies bugeados, o si un jugador esta afk.\nAsegurate de que todos tienen el tiempo suficiente para elegir su equipo.\n\nGracias :)",
    "wolfhud_dialog_install_title" : "Instalar: $NAME",
    "wolfhud_dialog_install_desc" : "Quieres instalar '$NAME'?",
    "wolfhud_dialog_remind_later" : "Preguntar luego",
    "wolfhud_dialog_install_fed_inv_desc" : "Federal Inventory es un mod, que te cambia los iconos de los items por sus versiones en color.",
    "wolfhud_dialog_rename_inv_tab" : "Renombrar la pagina del inventario",
    "wolfhud_dialog_rename_inv_tab_desc" : "Por favor ingresa el nuevo nombre para la esta pagina del inventario.",
    "wolfhud_dialog_save" : "Guardar",
    "wolfhud_dialog_requires_superblt_title" : "[WolfHUD] No se detectó SuperBLT!",
    "wolfhud_dialog_requires_superblt_desc_long" : "WolfHUD requiere de SuperBLT para funcionar.\nSuperBLT es un fork del BLT para PAYDAY 2, el cual mejora su implementación y funcionamiento en el juego. \nEs completamente retrocompatible con mods BLT normales.\n\nPuedes encontrar más información aquí: \n$URL",
    "wolfhud_dialog_requires_superblt_desc_short" : "WolfHUD ya no es compatible con BLT normal.\nPor favor mejore a SuperBLT para seguir usándolo.\nPuedes descargar SuperBLT en: '$URL'.",
    "wolfhud_dialog_update_install_folder_title" : "¡Las actualizaciones automáticas de [WolfHUD] están comprometidas!",
    "wolfhud_dialog_update_install_folder_desc" : "Para habilitar actualizaciones automáticas la carpeta de instalación de WolfHUD\ndebe ser nombrada como 'mods/WolfHUD-master/'. \n(Actualmente se llama: 'mods/$FOLDER/')",
    "woldhud_notification_disabled_override_title" : "WolfHUD: $NAME esta actualmente desactivado.",
    "woldhud_notification_disabled_override_desc" : "Si cambiaste de opinion, da click para que te pregunten nuevamente.",
    "woldhud_notification_restart_override_title" : "WolfHUD: $NAME esta listo para ser instalado.",
    "woldhud_notification_restart_override_desc" : "Por favor reinicia el juego para iniciar la descarga.",

    "wolfhud_int_locked" : "PRESIONA $BTN_CANCEL PARA CANCELAR",
    "wolfhud_int_locked_pager" : "PRESIONA $BTN_CANCEL PARA CANCELAR\n(ACTIVA LA ALARMA)"
    ,
    "wolfhud_buy_all_assets" : "Comprar Todo",
    "wolfhud_buy_all_assets_desc" : "Comprar todo lo disponible",

    "wolfhud_preplanning_save" : "Guardar Planeación",
    "wolfhud_preplanning_load" : "Cargar Planeación",
    "wolfhud_preplanning_reset" : "Reiniciar Planeación",
    "wolfhud_preplanning_reset_all" : "Reiniciar todo",
    "wolfhud_preplanning_delete" : "Borrar Planeación",
    "wolfhud_preplanning_save_tooltip_title" : "Guardar Planeación actual:",
    "wolfhud_preplanning_save_tooltip_desc" : "Guarda tu Planeación actual, para cargarla rapidamente la siguiente vez que juegues este trabajo.",
    "wolfhud_preplanning_load_tooltip_title" : "Cargar última Planeación:",
    "wolfhud_preplanning_load_tooltip_desc" : "Abre un menu con todas las planeaciones guardadas.",
    "wolfhud_preplanning_reset_tooltip_title" : "Reinicia la Planeación actual:",
    "wolfhud_preplanning_reset_tooltip_desc" : "Remueve todos tus assets de la planeación actual, incluyendo tus votos.",
    "wolfhud_preplanning_reset_all_tooltip_title" : "Reiniciar la planeación completamente:",
    "wolfhud_preplanning_reset_all_tooltip_desc" : "Remueve todos tus assets de la planeación actual, incluyendo tus votos.",
    "wolfhud_preplanning_delete_tooltip_title" : "Borrar Planeación guardado",
    "wolfhud_preplanning_delete_tooltip_desc" : "Limpia tus planeaciones guardadas y elimina algunas.",
    "wolfhud_preplanning_manager_title" : "Administrador de Planeaciones",
    "wolfhud_preplanning_error_no_saved_plans" : "No se han guardado Planeaciones.",
    "wolfhud_preplanning_error_max_plans_reached" : "Máxima cantidad de Planeaciones alcanzada.",
    "wolfhud_preplanning_votes_title" : "Votos:",
    "wolfhud_preplanning_assets_title" : "Assets:",
    "wolfhud_preplanning_dialog_save" : "¿Guardar Planeación?",
    "wolfhud_preplanning_dialog_save_desc" : "$PLAN\n\n\nPor favor ingresa un nombre para esta planeación.\n(Usando el nombre de una planeción esistente lo sobreescribirá.)",
    "wolfhud_preplanning_dialog_delete" : "¿Borrar Plan?",
    "wolfhud_preplanning_dialog_delete_desc" : "Estás seguro que deseas borrar la planeación'$NAME'?",
    "wolfhud_preplanning_msg_saved_success" : "Planeación actual guardada correctamente.",
    "wolfhud_preplanning_msg_saved_failed" : "Ha ocurrido un error guardando la planeación.",
    "wolfhud_preplanning_msg_no_save_slot" : "Cantidad máxima de Planeaciones alcanzada.",
    "wolfhud_preplanning_msg_no_current_plan" : "No tienes nada planeado, que puede ser guardado.",
    "wolfhud_preplanning_msg_loaded_success" : "Planeación fue guardada correctamente.",
    "wolfhud_preplanning_msg_loaded_failed" : "Un error ha ocurrido al cargar la planeación.",
    "wolfhud_preplanning_msg_loaded_partitially" : "Planeación cargada parcialmente: $ERRORMSG",
    "wolfhud_preplanning_msg_loaded_missing_skill" : "Olvidaste una Habilidad",
    "wolfhud_preplanning_msg_loaded_missing_favours" : "No alcanzan tus favores",
    "wolfhud_preplanning_msg_loaded_missing_money" : "No alcanza tu dinero",
    "wolfhud_preplanning_msg_reseted_success" : "Reinicio de la planeación actual.",
    "wolfhud_preplanning_msg_reseted_failed" : "Un error ha ocurrido al reiniciar la planeación actual.",
    "wolfhud_preplanning_msg_deleted_success" : "Planeación eliminada correctamente.",
    "wolfhud_preplanning_msg_deleted_failed" : "Un error ha ocurrido al borrar la planeación guardada.",
    "wolfhud_preplanning_msg_folder_creation_failed" : "Error al crear la carpeta: $FOLDER \nAsegúrate de que el juego tiene permisos de creación o créala manualmente.",
    "wolfhud_preplanning_msg_file_creation_failed" : "Error al crear el archivo: $FILE \nAsegúrate de que el juego tiene permisos de creación o créalo manualmente.",

    "wolfhud_inv_tab_rename_hint" : "Doble click en la pestaña del inventario seleccionada para renombrarla.",

    "wolfhud_loadout_hours_played" : "$HOURS horas.",

    "wolfhud_profile_switch_title" : "Cambiar Perfiles",
    "wolfhud_profile_switch_title_profiles" : "Perfil:",

    "victory_most_damage" : "Daño más Alto:",
    "victory_session_damage" : "Daño Total:",

    "wolfhud_advassault_phase_title" : "Fase de Asalto: ",
    "wolfhud_advassault_spawns_title" : "Apariciones Restantes: ",
    "wolfhud_advassault_time_title" : "Tiempo Restante: ",
    "wolfhud_advassault_phase_anticipation" : "Anticipo",
    "wolfhud_advassault_phase_build" : "Inicio",
    "wolfhud_advassault_phase_sustain" : "Carga",
    "wolfhud_advassault_phase_fade" : "Fin",
    "wolfhud_advassault_time_overdue" : "Atraso",
    "wolfhud_locked_assault" : "Asalto Sin Fin!!!  Sal de una vez!!!",

    "wolfhud_customhud_interaction_done" : "HECHO",
    "wolfhud_customhud_interaction_aborted" : "ABORTADO",

    "wolfhud_hudlist_device_timer" : "Contador",
    "wolfhud_hudlist_device_drill" : "Taladro",
    "wolfhud_hudlist_device_hack" : "Hackeo",
    "wolfhud_hudlist_device_saw" : "Sierra",
    "wolfhud_hudlist_device_security" : "Hackeos",
    "wolfhud_hudlist_device_security_bar" : "Hackear $CURRENT/$TOTAL",
    "wolfhud_hudlist_device_piggy_bank" : "Piggy",
    "wolfhud_hudlist_loot_armor" : "Armadura",
    "wolfhud_hudlist_loot_bomb" : "Bomba",
    "wolfhud_hudlist_loot_weapon" : "Arma",
    "wolfhud_hudlist_loot_diamond" : "Diamante",
    "wolfhud_hudlist_loot_evidence" : "Evidencia",
    "wolfhud_hudlist_loot_toast" : "Tostada",
    "wolfhud_hudlist_loot_crate" : "Caja",
    "wolfhud_hudlist_loot_toothbrush" : "Cepillo",
    "wolfhud_hudlist_loot_bag" : "Bolsa",
    "wolfhud_hudlist_loot_shoes" : "Zapato",
    "wolfhud_hudlist_loot_toy" : "Juguete",
    "wolfhud_hudlist_loot_vr" : "Casco",
    "wolfhud_hudlist_loot_egg" : "Huevo",
    "wolfhud_hudlist_loot_treasure" : "Tesoro",
    "wolfhud_hudlist_loot_tea" : "Tea",
    "wolfhud_hudlist_loot_dragon" : "Dragon",
    "wolfhud_hudlist_loot_showcase" : "Vitrina",
    "wolfhud_hudlist_loot_bux" : "Bux",

    "wolfhud_hudlist_buff_basic" : "Básico",
    "wolfhud_hudlist_buff_aced" : "As",
    "wolfhud_hudlist_buff_boost" : "Boost",
    "wolfhud_hudlist_buff_revive" : "Revivir",
    "wolfhud_hudlist_buff_crew_inspire_debuff" : "Revivir (AI)",
    "wolfhud_hudlist_buff_dmg_inc" : "+Dmg",
    "wolfhud_hudlist_buff_dmg_dec" : "-Dmg",
    "wolfhud_hudlist_buff_mdmg_inc" : "+M.Dmg",
    "wolfhud_hudlist_buff_phealth_reg" : "+HP",
    "wolfhud_hudlist_buff_tot_dodge" : "%Dodge",

    "wolfhud_tabstats_total_damage" : "Daño Total:",
    "wolfhud_tabstats_tanks_killed" : "Bulldozers Asesinados:",
    "wolfhud_tabstats_cloakers_killed" : "Cloakers Asesinados:",
    "wolfhud_tabstats_shields_killed" : "Escudos Asesinados:",
    "wolfhud_tabstats_snipers_killed" : "Snipers Asesinados:",
    "wolfhud_tabstats_tasers_killed" : "Tasers Asesinados:",
    "wolfhud_tabstats_gensec_killed" : "GENSEC Asesinados:",
    "wolfhud_tabstats_medic_killed" : "Medicos Asesinados:",
    "wolfhud_tabstats_melee_kills" : "Bajas Cuerpo a Cuerpo:",
    "wolfhud_tabstats_explosion_kills" : "Bajas Explosivas:",
    "wolfhud_tabstats_nonspecial_kills" : "Bajas no Especiales:",
    "wolfhud_tabstats_total_kills" : "Bajas Totales:",
    "wolfhud_tabstats_total_revives" : "Revividos Totales (P/AI):",
    "wolfhud_tabstats_alltime_stat" : "Todo el Tiempo:",

    "wolfhud_enemy_civilian" : "CIVIL",
    "wolfhud_enemy_mariachi" : "MARIACHI",
    "wolfhud_enemy_gangster" : "GANGSTER",
    "wolfhud_enemy_biker" : "MOTOCILISTA",
    "wolfhud_enemy_bolivian_security_mex" : "Guarda Coyopa",
    "wolfhud_enemy_bolivian_security" : "Guarda de Sosa",
    "wolfhud_enemy_bolivian_thug" : "Gangster de Sosa",
    "wolfhud_enemy_mobster" : "GANGSTER RUSO",
    "wolfhud_enemy_triad" : "Triad",
    "wolfhud_enemy_triad_boss" : "Triad Boss",
    "wolfhud_enemy_ranchmanager" : "Esteban",
    "wolfhud_enemy_security" : "GUARDIA",
    "wolfhud_enemy_gensec" : "SOLDADO GENSEC",
    "wolfhud_enemy_cop" : "OFICIAL",
    "wolfhud_enemy_fbi" : "SOLDADO FBI",
    "wolfhud_enemy_swat" : "SOLDADO SWAT",
    "wolfhud_enemy_heavy_swat" : "SOLDADO PESADO SWAT",
    "wolfhud_enemy_heavy_swat_sniper" : "SNIPER SWAT PESADO",
    "wolfhud_enemy_marshal_marksman" : "Marshal Sniper",
    "wolfhud_enemy_city_swat" : "SOLDADO ELITE",
    "wolfhud_enemy_shield" : "ESCUDO",
    "wolfhud_enemy_spook" : "CLOAKER",
    "wolfhud_enemy_shadow_spook" :"Cloaker de Sombra",
    "wolfhud_enemy_taser" : "TASER",
    "wolfhud_enemy_sniper" : "SNIPER",
    "wolfhud_enemy_medic" : "MEDICO",
    "wolfhud_enemy_tank" : "BULLDOZER",
    "wolfhud_enemy_tank_hw" : "DOZER SIN CABEZA",
    "wolfhud_enemy_tank_medic" : "DOZER MEDICO",
    "wolfhud_enemy_tank_mini" : "DOZER CON MINIGUN",
    "wolfhud_enemy_phalanx_minion" : "ESCUDO WINTERS",
    "wolfhud_enemy_phalanx_vip" : "CAPITAN WINTERS",
    "wolfhud_enemy_swat_van" : "TORRETA SWAT",
    "wolfhud_enemy_ceiling_turret" : "TORRETA",
    "wolfhud_enemy_aa_turret" : "TORRETA ANTI AÉREA",
    "wolfhud_enemy_crate_turret" : "TORRETA",
    "wolfhud_enemy_sentry_gun" : "TORRETA ALIADA",
    "wolfhud_enemy_mobster_boss" : "EL COMISARIO",
    "wolfhud_enemy_chavez_boss" : "CHAVEZ",
    "wolfhud_enemy_druglord_boss" : "ERNESTO SOSA",
    "wolfhud_enemy_druglord_boss_stealth" : "ERNESTO SOSA",
    "wolfhud_enemy_biker_boss" : "JEFE MOTOCICLISTA",
    "wolfhud_enemy_bank_manager" : "GERENTE DE BANCO",
    "wolfhud_enemy_dah_ralph" : "Ralph Garnet",
    "wolfhud_enemy_inside_man" : "INTERNO",
    "wolfhud_enemy_escort_undercover" : "HOMBRE DE IMPUESTOS",
    "wolfhud_enemy_escort_heatstreet" : "MATT",
    "wolfhud_enemy_escort_chinese_prisoner" : "KAZO",
    "wolfhud_enemy_escort_cfo" : "Garnett CFO",
    "wolfhud_enemy_escort_reservoirdogs" : "Mr. Pink",
    "wolfhud_enemy_escort_bain_locke" : "Locke / Bain",
    "wolfhud_enemy_escort_hajrudin" : "Hajrudin",
    "wolfhud_enemy_drunk_pilot" : "PILOTO BORRACHO",
    "wolfhud_enemy_escort" : "ESCOLTA",
    "wolfhud_enemy_boris" : "Boris",
    "wolfhud_enemy_spa_vip" : "Charon",
    "wolfhud_enemy_spa_vip_hurt" : "Charon (Herido)",
    "wolfhud_enemy_old_hoxton_mission" : "Hoxton",
    "wolfhud_enemy_locke_mission" : "Locke",
    "wolfhud_enemy_hector_boss" : "HECTOR BLINDADO",
    "wolfhud_enemy_hector_boss_no_armor" : "HECTOR",
    "wolfhud_enemy_reservoirdogs" : "Mr. Blonde",
    "wolfhud_enemy_crew" : "ALIADO",
    "wolfhud_enemy_butler" : "Aldstone",
    "wolfhud_enemy_vlad" : "Vlad",
    "wolfhud_enemy_kento" : "Kento",

    "wolfhud_enemy_boom" : "Granadero",
    "wolfhud_enemy_omnia_lpf" : "OMNIA L.P.F.",
    "wolfhud_enemy_summers" : "Capitán Summers",
    "wolfhud_enemy_boom_summers" : "Mayor Molly",
    "wolfhud_enemy_taser_summers" : "Ingeniero Electrika",
    "wolfhud_enemy_medic_summers" : "Sargento Doc",
    "wolfhud_enemy_spring" : "Capitán Spring",
    "wolfhud_enemy_fbi_vet" : "Oficial Veterano",

    "wolfhud_enemy_deathvox_light" : "Soldado ZEAL",
    "wolfhud_enemy_deathvox_heavy" : "Soldado ZEAL Pesado",

    "wolfhud_multiselect_all" : "Todos",
    "wolfhud_multiselect_none" : "Ninguno",
    "wolfhud_multiselect_disabled" : "Desactivado",
    "wolfhud_multiselect_random" : "Random",
    "wolfhud_multiselect_left" : "Izquierda",
    "wolfhud_multiselect_center" : "Centro",
    "wolfhud_multiselect_right" : "Derecha",

    "wolfhud_colors_white"  : "Blanco",
    "wolfhud_colors_light_yellow"  : "Amarillo Claro",
    "wolfhud_colors_light_orange"  : "Naranjo Claro",
    "wolfhud_colors_light_red"  : "Rojo Claro",
    "wolfhud_colors_light_purple"  : "Morado Claro",
    "wolfhud_colors_light_green"  : "Verde Claro",
    "wolfhud_colors_light_blue"  : "Celeste",
    "wolfhud_colors_light_gray" : "Gris Claro",
    "wolfhud_colors_yellow"  : "Amarillo",
    "wolfhud_colors_orange"  : "Naranjo",
    "wolfhud_colors_red" : "Rojo",
    "wolfhud_colors_purple" : "Morado",
    "wolfhud_colors_green" : "Verde",
    "wolfhud_colors_blue" : "Azul",
    "wolfhud_colors_gray" : "Gris",
    "wolfhud_colors_black" : "Blanco",
    "wolfhud_colors_rainbow" : "Arcoíris",

    "wolfhud_options_name" : "Ajustes de WolfHUD",
    "wolfhud_options_help" : "Personaliza WolfHUD a tu estilo.",

    "wolfhud_language_title" : "Idioma",
    "wolfhud_language_desc" : "Elige un Idioma para WolfHUD.\n(Un Cambio de Mapa es necesario...)",

    "wolfhud_languages_english" : "Inglés",
    "wolfhud_languages_german" : "Alemán",
    "wolfhud_languages_dutch" : "Holandés",
    "wolfhud_languages_french" : "Francés",
    "wolfhud_languages_italian" : "Italiano",
    "wolfhud_languages_spanish" : "Español",
    "wolfhud_languages_portuguese" : "Portugués",
    "wolfhud_languages_russian" : "Ruso",
    "wolfhud_languages_chinese" : "Chino",
    "wolfhud_languages_korean" : "Coreano",

    "wolfhud_skip_blackscreen_title" : "Saltar Pantalla Negra",
    "wolfhud_skip_blackscreen_desc" : "Automáticamente saltar la pantalla negra al iniciar la misión.\n(Solo Host)",
    "wolfhud_instant_restart_title" : "Reinicio Instántaneo",
    "wolfhud_instant_restart_desc" : "Saltar automáticamente la cuenta regresiva de 5 segundos antes de reiniciar lobbies online.\n(Solo Host)",
    "wolfhud_stat_screen_speedup_title" : "Aumento de Velocidad en Estadísticas",
    "wolfhud_stat_screen_speedup_desc" : "Aumentar automáticamente la velocidad al contar la experiencia, sin tener que mantener presionado espacio.",
    "wolfhud_stat_screen_delay_title" : "Retraso de la pantalla de Estadísticas",
    "wolfhud_stat_screen_delay_desc" : "Procede X segundos, despues de que tu experiencia sea contada.\n(Solo Host, 0 = desactivado) ",
    "wolfhud_loot_screen_pick_card_title" : "Automáticamente elegir una tarjeta",
    "wolfhud_loot_screen_pick_card_desc" : "Elige Automáticamente una tarjeta, cuando la pantalla de selección se muestra.",
    "wolfhud_loot_screen_pick_specific_card_title" : "Elige Automáticamente una Tarjeta",
    "wolfhud_loot_screen_pick_specific_card_desc" : "Elige que tarjeta seleccionar.",
    "wolfhud_loot_screen_delay_title" : "Retraso de la selección de tarjeta",
    "wolfhud_loot_screen_delay_desc" : "Procede X segundos después de que hayas la recibido tarjeta.\n(Solo Host, 0 = desactivado)",
    "wolfhud_replace_weapon_names_title" : "Nombres reales de armas",
    "wolfhud_replace_weapon_names_desc" : "Reemplaza los nombres de la armas con sus contrapartes del Mundo Real.\n(Un cambio de mapa es requerido para aplicar...)",
    "wolfhud_inventory_tab_names_title" : "Usar nombres en pestañas del inventario",
    "wolfhud_inventory_tab_names_desc" : "Personaliza los nombres de las pestañas de tu inventario.\n(Cambia los nombres editando '/mods/saves/WolfHUD_InventoryNames.txt')",
    "wolfhud_inventory_names_title" : "Mostrar nombre de objeto en inventario",
    "wolfhud_inventory_names_desc" : "Muestra los nombres de tus armas, armadura, desplegables, etc. dentro de su espacio en el inventario.",
    "wolfhud_skill_names_title" : "Mostrar nombre de las habilidades",
    "wolfhud_skill_names_desc" : "Mostrar siempre el nombre de las habilidades en la vista del árbol de habilidades.",
    "wolfhud_show_contractor_job_heat_title":"Mostrar 'Heat' del contratista.",
    "wolfhud_show_contractor_job_heat_desc":"Muestra el 'heat' del trabajo en la lista de contratistas. (Heat es el bono/penalización por repetir trabajos)",
    "wolfhud_show_mini_icons_title" : "Siempre mostrar Mini-Iconos",
    "wolfhud_show_mini_icons_desc" : "Siempre mostrar los iconos de las modificaciones de todas las armas, no solo la seleccionada.",
    "wolfhud_no_slowmotion_title" : "Sin Cámara Lenta",
    "wolfhud_no_slowmotion_desc" : "Desactiva la cámara lenta al colocarse la máscara o ser derribado.",
    "wolfhud_reset_options_title" : "Reiniciar Ajustes",
    "wolfhud_reset_options_desc" : "Reinicia todos los Ajustes a su valor por defecto.",
    "wolfhud_reset_options_confirm" : "¿Deseas reiniciar todos los Ajustes a su valor por defecto?",

    "wolfhud_panels_options_name" : "Opciones generales de la HUD",
    "wolfhud_panels_options_help" : "Opciones para todos los paneles generales de la HUD, como CustomHUD, Suspicion, Indicadores de Daño, DrivingHUD y mucho más.",

    "wolfhud_use_customhud_title" : "Usar CustomHUD",
    "wolfhud_use_customhud_desc" : "Reemplaza la HUD por defecto con la avanzada CustomHUD, creada por Se7en.\n(Un cambio de mapa es requerido para aplicar...)",
    "wolfhud_adv_assault_title" : "Banner de Asalto Avanzado",
    "wolfhud_adv_assault_desc" : "Muestra la fase de asalto, tiempo y apariciones restantes durante el asalto.\n(Solo Host)",
    "wolfhud_assault_position_title": "Posición del banner",
    "wolfhud_assault_position_desc" : "En la pantalla del banner de Asalto.",
    "wolfhud_pacified_civs_title" : "Mostrar Civiles Calmados",
    "wolfhud_pacified_civs_desc" : "Cambia el marcador de los civiles no atados, mientras que esten calmados.",
    "wolfhud_use_realammo_title" : "Usar munición real",
    "wolfhud_use_realammo_desc" : "Muestra la munición restante, sin contar las balas dentro de tu cargador actual.",
    "wolfhud_enable_burstmode_title" : "Activar el modo Ráfaga",
    "wolfhud_enable_burstmode_desc" : "Activa el modo Ráfaga para tus armas.",

    "wolfhud_playerpanel_options_name" : "Panel del Jugador",
    "wolfhud_playerpanel_options_help" : "Ajustes para tu propio panel en la HUD.",

    "wolfhud_teampanels_options_name" : "Panel de Compañeros",
    "wolfhud_teampanels_options_help" : "Ajustes para los paneles de tus compañeros en la HUD.",

    "wolfhud_panels_position_title" : "Posición",
    "wolfhud_panels_position_desc" : "Posición Horizontal en el panel de la HUD",
    "wolfhud_panels_scale_title" : "Escala",
    "wolfhud_panels_scale_desc" : "Factor de escalado del panel de la HUD.",
    "wolfhud_panels_oppacity_title" : "Opacidad",
    "wolfhud_panels_oppacity_desc" : "Selecciona la opacidad del panel de la HUD.",
    "wolfhud_panels_show_name_title" : "Mostrar Nombre",
    "wolfhud_panels_show_name_desc" : "Muestra el nombre de los jugadores.",
    "wolfhud_panels_show_rank_title" : "Mostrar Rango",
    "wolfhud_panels_rank_name_desc" : "Muestra el rango de los jugadores.",
    "wolfhud_panels_truncate_tags_title" : "Pestañas en Itálica",
    "wolfhud_panels_truncate_tags_desc" : "Intentar mostrar los tags en Itálica de los nombres de jugadores.",
    "wolfhud_panels_show_char_title" : "Mostrar Personaje",
    "wolfhud_panels_show_char_desc" : "Mostrar el personaje elegido por el jugador.",
    "wolfhud_panels_show_ping_title" : "Mostrar Ping",
    "wolfhud_panels_show_ping_desc" : "Mostrar el Ping de los jugadores hacia ti (recomendado).",
    "wolfhud_panels_show_status_title" : "Mostrar Estado",
    "wolfhud_panels_show_status_desc" : "Muestra el estado actual del icono del jugador (salud, armadura, etc.)",
    "wolfhud_panels_condition_icon_color_title" : "Color de condición",
    "wolfhud_panels_condition_icon_color_desc" : "Muestra el color de el icono de la condición (derribado, en custodia, swan song, etc.)",
    "wolfhud_panels_show_equip_title" : "Mostrar equipamiento",
    "wolfhud_panels_show_equip_desc" : "Muestra el equipamiento de los jugadores.",
    "wolfhud_panels_show_special_equip_title" : "Mostrar equipamiento especial",
    "wolfhud_panels_show_special_equip_desc" : "Mostrar el equipamiento especial tomado por los jugadores.",
    "wolfhud_panels_special_equip_rows_title" : "Mostrar casillas de equipamiento adicional",
    "wolfhud_panels_special_equip_rows_desc" : "Cantidad de items de equipamiento especial que pueden ser colocados en una columna.",
    "wolfhud_panels_show_callsign_title" : "Mostrar la señal de llamada",
    "wolfhud_panels_show_callsign_desc" : "Mostrar la señal de llamada de un jugador.",
    "wolfhud_panels_show_stamina_title" : "Mostrar resistencia",
    "wolfhud_panels_show_stamina_desc" : "Muestra un circulo con tu resistencia dentro de tu barra de salud.",
    "wolfhud_panels_show_downcounter_title" : "Mostrar contador de bajas",
    "wolfhud_panels_show_downcounter_desc" : "Muestra un contador de incapacitaciones para cada jugador no IA. \nEl contador muestra tus incapacitaciones restantes y las de tus compañeros.",
    "wolfhud_panels_show_carry_title" : "Muestra lo que llevas durante la partida",
    "wolfhud_panels_show_carry_desc" : "Muestra info acerca de lo que llevas en la partida.",
    "wolfhud_panels_build_show_title" : "Mostrar Build",
    "wolfhud_panels_build_show_desc" : "Mostrar la build de otros jugadores.",
    "wolfhud_panels_build_time_title" : "Mostrar el tiempo de Build",
    "wolfhud_panels_build_time_desc" : "Mostrar la build de otro jugador por X segundos.\n(0 = Always)",
    "wolfhud_panels_weapon_icon_title" : "Iconos de Armas",
    "wolfhud_panels_weapon_icon_desc" : "Cuáles armas quieres ver?",
    "wolfhud_panels_weapon_name_title" : "Nombres de Armas",
    "wolfhud_panels_weapon_name_desc" : "Mostrar nombres verdaderos de Armas?",
    "wolfhud_panels_weapon_ammo_title" : "Munición",
    "wolfhud_panels_weapon_ammo_desc" : "Mostrar munición.",
    "wolfhud_panels_weapon_firemode_title" : "Modo de disparo",
    "wolfhud_panels_weapon_firemode_desc" : "Mostrar o esconder el modo de disparo del arma",
    "wolfhud_panels_hide" : "Esconder",
    "wolfhud_panels_selected" : "Solo Seleccionados",
    "wolfhud_panels_unselected" : "Solo Deseleccionados",
    "wolfhud_panels_both" : "Ambos",
    "wolfhud_panels_ammo_total" : "Solo munición total",
    "wolfhud_panels_show_interaction_title" : "Mostrar Interacción",
    "wolfhud_panels_show_interaction_desc" : "Mostrar la Interacción de tus compañeros.",
    "wolfhud_panels_show_interaction_number_title" : "Contador de Interacción",
    "wolfhud_panels_show_interaction_number_desc" : "Muestra un indicador numérico",
    "wolfhud_panels_show_interaction_text_title" : "Texto de interacción",
    "wolfhud_panels_show_interaction_text_desc" : "Mostrar texto de interacción",
    "wolfhud_panels_interaction_time_title" : "Duración mínima de la interacción",
    "wolfhud_panels_interaction_time_desc" : "Mostrar sólo la interacción de tus compañeros, sólo si es de más de X segundos.",
    "wolfhud_panels_use_ai_color_title" : "Usar color personalizado para los bots",
    "wolfhud_panels_use_ai_color_desc" : "Usar color personalizado para nombres de los bots. (También afecta los popups de daño)",
    "wolfhud_panels_ai_color_title" : "Color para los bots",
    "wolfhud_panels_ai_color_desc" : "Elije el color personalizado para nombres de los bots. (También afecta los popups de daño)",

    "wolfhud_chat_options_name" : "Opciones del Chat",
    "wolfhud_chat_options_help" : "Opciones para personalizar el comportamiento del Chat.",

    "wolfhud_chat_waittime_title" : "Tiempo de desaparición del Chat",
    "wolfhud_chat_waittime_desc" : "Es el tiempo en que el chat desaparece de la pantalla\n(0 = Nunca)",
    "wolfhud_chat_fontsize_title" : "Tamaño de la letra del Chat",
    "wolfhud_chat_fontsize_desc" : "Tamaño de la letra del Chat durante el juego.",
    "wolfhud_chat_outputlines_title" : "Número máximo de mensajes de Chat",
    "wolfhud_chat_outputlines_desc" : "Número máximo de mensajes de Chat antes de que se habilite el poder desplazarse por los mensajes.",
    "wolfhud_spam_filter_title" : "Filtro de Spam para el Chat",
    "wolfhud_spam_filter_desc" : "Quita los mensajes de Spam de PocoHUD y [NGBTO] del chat.",
    "wolfhud_chat_width_title" : "Grosor del Chat",
    "wolfhud_chat_width_desc" : "Grosor de la ventana del Chat",
    "wolfhud_chat_inputlines_title" : "Número máximo de mensajes de Chat",
    "wolfhud_chat_inputlines_desc" : "Número máximo de mensajes de Chat que puedes escribir",
    "wolfhud_chat_colored_bg_title" : "Fondo Colorido",
    "wolfhud_chat_colored_bg_desc" : "Usa el color del jugador que mandó el mensaje para el fondo de su mensaje",
    "wolfhud_chat_scrollbar_align_title" : "Alinear desplazamiento",
    "wolfhud_chat_scrollbar_align_desc" : "Alineación de la barra de desplazamiento",

    "wolfhud_suspicion_options_name" : "Opciones del Suspicion",
    "wolfhud_suspicion_options_help" : "Opciones para el tamaño del panel del suspicion y sus elementos visibles.",

    "wolfhud_suspicion_scale_title" : " Escala del Suspicion",
    "wolfhud_suspicion_scale_desc" : "Factor de escala para los elementos del Suspicion.",
    "wolfhud_susp_eye_title" : "Mostrar Ojo del Suspicion",
    "wolfhud_susp_eye_desc" : "Mostrar los elementos por default del suspicion.",
    "wolfhud_susp_numberic_title" : "Mostrar Suspicion Numérico",
    "wolfhud_susp_numberic_desc" : "Mostrar el valor numérico del suspicion.",
    "wolfhud_susp_numberic_outline_title" : "Borde Negro",
    "wolfhud_susp_numberic_outline_desc" : "Muestra un borde negro alrededor del texto del Suspicion.",

    "wolfhud_killcounter_options_name" : "Opciones para el Killcounter",
    "wolfhud_killcounter_options_help" : "Opciones de apariencia del Killcounter",

    "wolfhud_killcounter_player_show_killcount_title" : "Mostrar Killcounter del jugador (Contador de bajas)",
    "wolfhud_killcounter_player_show_killcount_desc" : "Mostrar un killcounter en tu HUD.",
    "wolfhud_killcounter_player_color_title" : "Color de tu Killcounter",
    "wolfhud_killcounter_player_color_desc" : "Elige el color para tu killcounter.",
    "wolfhud_killcounter_player_show_special_title" : "Contar las bajas especiales del jugador",
    "wolfhud_killcounter_player_show_special_desc" : "Mostrar las bajas especiales del jugador por separado.",
    "wolfhud_killcounter_player_show_head_title" : "Contar los disparos a la cabeza del jugador",
    "wolfhud_killcounter_player_show_head_desc" : "Mostrar los disparos a la cabeza del gugador por separado.",
    "wolfhud_killcounter_player_show_accuracy_title" : "Mostrar la puntería del jugador",
    "wolfhud_killcounter_player_show_accuracy_desc" : "Mostrar tu puntería en el HUD",
    "wolfhud_killcounter_team_show_killcount_title" : "Mostrar la puntería de un compañero",
    "wolfhud_killcounter_team_show_killcount_desc" : "Mostrar un killcounter en el HUD de tus compañeros.",
    "wolfhud_killcounter_team_color_title" : "Color Killcounter (equipo)",
    "wolfhud_killcounter_team_color_desc" : "Elige el color de los killcounters para tus compañeros.",
    "wolfhud_killcounter_team_show_special_title" : "Contar los especiales de tus compañeros",
    "wolfhud_killcounter_team_show_special_desc" : "Muestra las bajas especiales de tus compañeros por separado.",
    "wolfhud_killcounter_team_show_head_title" : "Contar disparos a la cabeza (compañeros)",
    "wolfhud_killcounter_team_show_head_desc" : "Mostrar los disparos a la cabeza de tus compañeros por separado.",
    "wolfhud_killcounter_team_show_ai_title" : "Killcounter para la AI",
    "wolfhud_killcounter_team_show_ai_desc" : "Tienen los bots un Killcounter también?",
    "wolfhud_corpse_limit_title" : "Límite de Cuerpos",
    "wolfhud_corpse_limit_desc" : "´Cuantos cuerpos se deberían permitir en el mapa al mismo tiempo?\n(Cambio de mapa necesario para aplicar...)",

    "wolfhud_drivinghud_options_name" : "Opciones del DrivingHUD",
    "wolfhud_drivinghud_options_help" : "Algunas opciones para el DrivingHUD.",

    "wolfhud_show_drivinghud_title" : "Mostrar Driving HUD",
    "wolfhud_show_drivinghud_desc" : "Muestra un HUD pequeño en la esquina inferior derecha al manejar.\n(Cambio de mapa necesario para aplicar...)",
    "wolfhud_drivinghud_scale_title" : "Escala",
    "wolfhud_drivinghud_scale_desc" : "Factor de escala para el DrivingHUD.",
    "wolfhud_drivinghud_show_vehicle_title" : "Mostrar imagen del Vehículo",
    "wolfhud_drivinghud_show_vehicle_desc" : "Muestra una pequeña imagen del vehículo y de las máscaras de los compañeros que te acompañan.",
    "wolfhud_drivinghud_show_health_title" : "Mostrar HP",
    "wolfhud_drivinghud_show_health_desc" : "Muestra la barra de vida del vehículo.",
    "wolfhud_drivinghud_show_loot_title" : "Mostrar Loot",
    "wolfhud_drivinghud_show_loot_desc" : "Muestra la cantidad de Loot máxima y la actual que tienes en el vehículo.",
    "wolfhud_drivinghud_show_passengers_title" : "Mostrar pasajeros",
    "wolfhud_drivinghud_show_passengers_desc" : "Muestra la cantidad máxima de pasajeros y las sillas disponibles.",
    "wolfhud_drivinghud_show_gear_title" : "Mostrar equipamiento",
    "wolfhud_drivinghud_show_gear_desc" : "Mostrar el equipamiento en el que estás manejando.",
    "wolfhud_drivinghud_show_speed_title" : "Mostrar Velocidad",
    "wolfhud_drivinghud_show_speed_desc" : "Mostrar la velocidad del vehículo.",
    "wolfhud_drivinghud_speed_in_mph_title" : "Velocidad en mph",
    "wolfhud_drivinghud_speed_in_mph_desc" : "Muestra la velocidad en mph.\n(Si se deselecciona se muestran km/h.)",
    "wolfhud_drivinghud_show_rpm_title" : "Mostrar las Revoluciones Por Minuto",
    "wolfhud_drivinghud_show_rpm_desc" : "Muestra las revoluciones por minuto del vehículo.",

    "wolfhud_infopanels_options_name" : "Opciones del info HUD",
    "wolfhud_infopanels_options_help" : "Opciones para las cajas de información del HUD.",

    "wolfhud_use_hudlist_title" : "Usar HUDList",
    "wolfhud_use_hudlist_desc" : "HUDList puede mostrar aspectos útiles en el juego, incl. Temporizador de taladros, enemigos o un contador de Loot, Assets en un mapa, etc. (Cambio de mapa necesario para aplicar...)",
    "wolfhud_hudlist_scale_right_title" : "Escala de la lista en la derecha",
    "wolfhud_hudlist_scale_right_desc" : "Factor de escala de la lista en la derecha.",
    "wolfhud_hudlist_scale_left_title" : "Escala de la lista en la izquierda",
    "wolfhud_hudlist_scale_left_desc" : "Factor de escala de la lista en la izquierda.",
    "wolfhud_hudlist_scale_buff_title" : "Escala de la lista de los Buffs",
    "wolfhud_hudlist_scale_buff_desc" : "Factor de escala de la lista de los Buffs.",
    "wolfhud_hudlist_box_color_title" : "Color de la fuente",
    "wolfhud_hudlist_box_color_desc" : "Color de la fuente de las cajas izquierda y derecha.\n(Cambio de mapa necesario para aplicar...)",
    "wolfhud_hudlist_box_bg_color_title" : "Color del fondo de la caja",
    "wolfhud_hudlist_box_bg_color_desc" : "Color de fondo para las cajas izquierda y derecha.\n(Cambio de mapa necesario para aplicar...)",
    "wolfhud_hudlist_civcolor_title" : "Color de los Civiles",
    "wolfhud_hudlist_civcolor_desc" : "Color para los civiles y rehenes en el EnemyCounter (contador de enemigos).",
    "wolfhud_hudlist_thugcolor_title" : "Color de los matones",
    "wolfhud_hudlist_thugcolor_desc" : "Color para los gangsters y matones en el EnemyCounter (contador de enemigos).",
    "wolfhud_hudlist_copcolor_title" : "Color de los enemigos",
    "wolfhud_hudlist_copcolor_desc" : "Color para los pilicías, SWATs y SWATs pesados en el EnemyCounter (contador de enemigos).",
    "wolfhud_hudlist_specialcolor_title" : "Color de los especiales",
    "wolfhud_hudlist_specialcolor_desc" : "Color para los enemigos especiales y torretas en el EnemyCounter (contador de enemigos).",
    "wolfhud_hudlist_progress_alpha_left_title" : "Progreso Alfa Izquierdo",
    "wolfhud_hudlist_progress_alpha_left_desc" : "Valor Alfa para las barras de progreso en la lista izquierda.",
    "wolfhud_hudlist_progress_alpha_right_title" : "Progreso Alfa Derecho",
    "wolfhud_hudlist_progress_alpha_right_desc" : "Valor Alfa para las barras de progreso en la lista derecha.",
    "wolfhud_hudlist_progress_alpha_buff_title" : "Progreso Alfa de los Buffs",
    "wolfhud_hudlist_progress_alpha_buff_desc" : "Valor Alfa para las barras de progreso en la lista de Buffs.",
    "wolfhud_hudlist_timers_in_seconds_title" : "Temporizadores en segundos",
    "wolfhud_hudlist_timers_in_seconds_desc" : "Siempre muestra los temporizadores con formato de segundos.",

    "wolfhud_infopanels_left_options_name" : "Opciones de la lista izquierda",
    "wolfhud_infopanels_left_options_help" : "Opciones para la lista izquierda de ítems.",

    "wolfhud_hudlist_show_timers_title" : "Mostrar Contadores",
    "wolfhud_hudlist_show_timers_desc" : "Mostrar Contadores de Taladros, Hackeos, etc.",
    "wolfhud_hudlist_show_equipment_desc" : "Determina si se muestra el equipamiento en el lado derecho de tu pantalla.",
    "wolfhud_hudlist_show_ammo_bags_title" : "Mostrar Bolsas de munición",
    "wolfhud_hudlist_show_doc_bags_title" : "Mostrar Bolsas Médicas",
    "wolfhud_hudlist_show_first_aid_kits_title" : "Mostrar Botuqines",
    "wolfhud_hudlist_show_body_bags_title" : "Mostrar Bolsas de Cadáveres",
    "wolfhud_hudlist_show_grenade_crates_title" : "Mostrar Granadas",
    "wolfhud_hudlist_sentries_title" : "Mostrar Torretas (aliadas)",
    "wolfhud_hudlist_sentries_desc" : "Mostrar munición y vida de las torretas (aliadas).",
    "wolfhud_hudlist_hide_empty_sentries_title" : "Ocultar Torretas (aliadas) vacías ",
    "wolfhud_hudlist_hide_empty_sentries_desc" : "Ocultar Cajas de las Torretas (aliadas) vacías.",
    "wolfhud_hudlist_show_ecms_title" : "Mostrar ECMs",
    "wolfhud_hudlist_show_ecms_desc" : "Mostrar contador de ECM's ",
    "wolfhud_hudlist_show_ecm_retrigger_title" : "Mostrar reactivación de los ECM",
    "wolfhud_hudlist_show_ecm_retrigger_desc" : "Muestra cuando un ECM puede reactivarse.",
    "wolfhud_hudlist_show_minions_title" : "Mostrar Enemigos Convertidos",
    "wolfhud_hudlist_show_minions_desc" : "Mostrar la vida de los Enemigos Convertidos.",
    "wolfhud_hudlist_show_own_minions_only_title" : "Sólo Enemigos Convertidos por el jugador",
    "wolfhud_hudlist_show_own_minions_only_desc" : "Muestra Sólo Enemigos Convertidos por el jugador.",
    "wolfhud_hudlist_show_pagers_title" : "Mostrar Intercomunicadores",
    "wolfhud_hudlist_show_pagers_desc" : "Muestra un contador con el tiempo restante antes de que se active la alarma.",
    "wolfhud_hudlist_show_tape_loop_title" : "Mostrar Loop de las Cámaras",
    "wolfhud_hudlist_show_tape_loop_desc" : "Mostrar el contador del Loop de las Cámaras.",
    "wolfhud_hudlist_remove_answered_pagers_title" : "Remover Contorno del Intercomunicador",
    "wolfhud_hudlist_remove_answered_pagers_desc" : "Remueve el Contorno del Intercomunicador si ya se está respondiendo.",

    "wolfhud_infopanels_right_options_name" : "Opciones de la lista de la derecha",
    "wolfhud_infopanels_right_options_help" : "Opciones de la lista de la derecha.",

    "wolfhud_hudlist_show_enemies_title" : "Mostrar Enemigos",
    "wolfhud_hudlist_show_enemies_desc" : "Muestra la cantidad de enemigos en el mapa.",
    "wolfhud_hudlist_aggregate_enemies_title" : "Juntar Enemigos",
    "wolfhud_hudlist_aggregate_enemies_desc" : "Juntar los enemigos en una sola caja del HUD.",
    "wolfhud_hudlist_show_turrets_title" : "Mostrar Torretas",
    "wolfhud_hudlist_show_turrets_desc" : "Muestra la cantidad de Torretas (enemigas) en el mapa.",
    "wolfhud_hudlist_show_civilians_title" : "Mostrar Civiles",
    "wolfhud_hudlist_show_civilians_desc" : "Muestra la cantidad de civiles",
    "wolfhud_hudlist_show_hostages_title" : "Mostrar Rehenes",
    "wolfhud_hudlist_show_hostages_desc" : "Muestra la cantidad de rehenes que tienes.",
    "wolfhud_hudlist_aggregate_hostages_title" : "Juntar Rehenes",
    "wolfhud_hudlist_aggregate_hostages_desc" : "Juntar todos los tipos de rehenes en una sola caja.",
    "wolfhud_hudlist_show_minion_count_title" : "Mostrar enemigos dominados",
    "wolfhud_hudlist_show_minion_count_desc" : "Muestra la cantidad de enemigos dominados.",
    "wolfhud_hudlist_show_pager_count_title" : "Mostrar cantidad de Intercomunicadores",
    "wolfhud_hudlist_show_pager_count_desc" : "Muestra la cantidad de Intercomunicadores activados durante Sigilo.",
    "wolfhud_hudlist_show_cam_count_title" : "Mostrar cámaras",
    "wolfhud_hudlist_show_cam_count_desc" : "Muestra la cantidad de cámaras activas durante Sigilo.",
    "wolfhud_hudlist_show_bodybags_count_title" : "Mostrar Bolsas de Cadáveres",
    "wolfhud_hudlist_show_bodybags_count_desc" : "Muestra la cantidad de bolsas de cadáveres en tu inventario durante sigilo.",
    "wolfhud_hudlist_show_corpse_count_title" : "Mostrar Cadáveres",
    "wolfhud_hudlist_show_corpse_count_desc" : "Muestra la cantidad de Cadáveres y cuerpos embolsados en Sigilo.",
    "wolfhud_hudlist_show_loot_title" : "Mostrar Loot",
    "wolfhud_hudlist_show_loot_desc" : "Muestra la cantidad de Loot disponible en el mapa.",
    "wolfhud_hudlist_aggregate_loot_title" : "Juntar Loot",
    "wolfhud_hudlist_aggregate_loot_desc" : "Junta todos los tipos de Loot en una sola caja.",
    "wolfhud_hudlist_separate_bagged_loot_title" : "Separar Loot embolsado",
    "wolfhud_hudlist_separate_bagged_loot_desc" : "Separa el Loot embolsado y por embolsar.",
    "wolfhud_hudlist_show_potential_loot_title" : "Mostrar Loot Potencial",
    "wolfhud_hudlist_show_potential_loot_desc" : "Muestra la cantidad de Cajas y vitrinas. \n(Las cajas y vitrinas pueden estar vacías..)",
    "wolfhud_hudlist_show_special_pickups_title" : "Mostrar equipamiento obtenible",
    "wolfhud_hudlist_show_special_pickups_desc" : "Muestra la cantidad de químicos, tarjetas de acceso, etc en el mapa.",
    "wolfhud_hudlist_show_mission_pickups_title" : "Mostrar objetos de misión",
    "wolfhud_hudlist_show_mission_pickups_desc" : "Muestra la cantidad de químicos, tarjetas de acceso, tablas y otros objetos útiles para la misión.",
    "wolfhud_hudlist_show_collectables_pickups_title" : "Mostrar Coleccionables",
    "wolfhud_hudlist_show_collectables_pickups_desc" : "Muestra la cantidad de paquetes de Gage, llaves, trofeos, etc en el mapa.",
    "wolfhud_hudlist_show_valuables_pickups_title" : "Mostrar la cantidad de items de valor",
    "wolfhud_hudlist_show_valuables_pickups_desc" : "Muestra la cantidad de items de valor en el mapa, como fajos de billetes o piezas de joyería.",

    "wolfhud_infopanels_buff_options_name" : "Opciones de la lista de los buffs",
    "wolfhud_infopanels_buff_options_help" : "Opciones para la lista de los buffs.",

    "wolfhud_infopanels_buff_mastermind_options_name" : "Habilidades de Mente Maestra",
    "wolfhud_infopanels_buff_mastermind_options_help" : "Habilita o deshabilita indicadores visuales de las habilidades de Mente Maestra en el HUD.",
    "wolfhud_infopanels_buff_enforcer_options_name" : "Habilidades de Matón",
    "wolfhud_infopanels_buff_enforcer_options_help" : "Habilita o deshabilita indicadores visuales de las habilidades de Matón en el HUD.",
    "wolfhud_infopanels_buff_technician_options_name" : "Habilidades de Técnico",
    "wolfhud_infopanels_buff_technician_options_help" : "Habilita o deshabilita indicadores visuales de las habilidades de técnico en el HUD.",
    "wolfhud_infopanels_buff_ghost_options_name" : "Habilidades de Fantasma",
    "wolfhud_infopanels_buff_ghost_options_help" : "Habilita o deshabilita indicadores visuales de las habilidades de fantasma en el HUD.",
    "wolfhud_infopanels_buff_fugitive_options_name" : "Habilidades de Fugitivo",
    "wolfhud_infopanels_buff_fugitive_options_help" : "Habilita o deshabilita indicadores visuales de las habilidades de Fugitivo en el HUD.",
    "wolfhud_infopanels_buff_perkdecks_options_name" : "Talentos",
    "wolfhud_infopanels_buff_perkdecks_options_help" : "Habilita o deshabilita indicadores visuales de los Talentos.",
    "wolfhud_infopanels_buff_gageboosts_options_name" : "Potenciadores de Gage",
    "wolfhud_infopanels_buff_gageboosts_options_help" : "Habilita o deshabilita indicadores visuales para los potenciadores de Gage.",
    "wolfhud_infopanels_buff_henchmen_options_name" : "Habilidades de la IA",
    "wolfhud_infopanels_buff_henchmen_options_help" : "Habilita o deshabilita indicadores visuales para las habilidades de la IA.",

    "wolfhud_hudlist_show_buffs_title" : "Mostrar Buffs",
    "wolfhud_hudlist_show_buffs_desc" : "Muestra los buffs activos en el centro inferior de tu pantalla.",
    "wolfhud_hudlist_damage_increase_compbuff_title" : "Aumento de daño",
    "wolfhud_hudlist_damage_increase_compbuff_desc" : "Muestra el aumento de daño causado por habilidades.",
    "wolfhud_hudlist_damage_reduction_compbuff_title" : "Reducción de daño",
    "wolfhud_hudlist_damage_reduction_compbuff_desc" : "Muestra la reducción de daño causada por habilidades.",
    "wolfhud_hudlist_melee_damage_increase_compbuff_title" : "Aumento de daño CaC",
    "wolfhud_hudlist_melee_damage_increase_compbuff_desc" : "Muestra el aumento de daño cuerpo a cuerpo causado por habilidades.",
    "wolfhud_hudlist_passive_health_regen_compbuff_title" : "Regeneración Pasiva de Salud",
    "wolfhud_hudlist_passive_health_regen_compbuff_desc" : "Muestra los efectos de regeneración pasiva de salud causada por habilidades.",
    "wolfhud_hudlist_total_dodge_chance_compbuff_title" : "Oportunidad total de evasión",
    "wolfhud_hudlist_total_dodge_chance_compbuff_desc" : "Muestra la Posibilidad de evasión causada por habilidades.",
    "wolfhud_hudlist_aggressive_reload_aced_buff_title" : "Recarga Agresiva",
    "wolfhud_hudlist_aggressive_reload_aced_buff_desc" : "",
    "wolfhud_hudlist_ammo_efficiency_buff_title" : "Eficiencia de munición",
    "wolfhud_hudlist_ammo_efficiency_buff_desc" : "",
    "wolfhud_hudlist_armor_break_invulnerable_buff_title" : "Blitzkrieg Bop (Anarquista)",
    "wolfhud_hudlist_armor_break_invulnerable_buff_desc" : "",
    "wolfhud_hudlist_berserker_buff_title" : "Furia Berserker",
    "wolfhud_hudlist_berserker_buff_desc" : "Berserker.",
    "wolfhud_hudlist_biker_buff_title" : "Disminución de Regeneración (Motociclista)",
    "wolfhud_hudlist_biker_buff_desc" : "",
    "wolfhud_hudlist_bloodthirst_basic_buff_title" : "Sed de Sangre (Básico)",
    "wolfhud_hudlist_bloodthirst_basic_buff_desc" : "Sed de Sangre.",
    "wolfhud_hudlist_bloodthirst_aced_buff_title" : "Sed de Sangre (As)",
    "wolfhud_hudlist_bloodthirst_aced_buff_desc" : "",
    "wolfhud_hudlist_bullet_storm_buff_title" : "Lluvia de Balas",
    "wolfhud_hudlist_bullet_storm_buff_desc" : "",
    "wolfhud_hudlist_close_contact_buff_title" : "CqC(Espía)",
    "wolfhud_hudlist_close_contact_buff_desc" : "Talento de Espía.",
    "wolfhud_hudlist_combat_medic_buff_title" : "Médico Combatiente (Activo)",
    "wolfhud_hudlist_combat_medic_buff_desc" : "Médico Combatiente.",
    "wolfhud_hudlist_combat_medic_passive_buff_title" : "Médico Combatiente (Passivo)",
    "wolfhud_hudlist_combat_medic_passive_buff_desc" : "Médico Combatiente.",
    "wolfhud_hudlist_desperado_buff_title" : "Desperado",
    "wolfhud_hudlist_desperado_buff_desc" : "",
    "wolfhud_hudlist_die_hard_buff_title" : "Intransigente",
    "wolfhud_hudlist_die_hard_buff_desc" : "Intransigente.",
    "wolfhud_hudlist_dire_need_buff_title" : "Desesperación",
    "wolfhud_hudlist_dire_need_buff_desc" : "",
    "wolfhud_hudlist_frenzy_buff_title" : "Frenesí",
    "wolfhud_hudlist_frenzy_buff_desc" : "Frenesí.",
    "wolfhud_hudlist_grinder_buff_title" : "Regen vida (Grinder)",
    "wolfhud_hudlist_grinder_buff_desc" : "",
    "wolfhud_hudlist_chico_injector_buff_title" : "Duración de la adrenalina (Kingpin)",
    "wolfhud_hudlist_chico_injector_buff_desc" : "",
    "wolfhud_hudlist_damage_control_debuff_title" : "Duración de la petaca (Stoic)",
    "wolfhud_hudlist_damage_control_debuff_desc" : "",
    "wolfhud_hudlist_delayed_damage_buff_title" : "Daño demorado (Stoic)",
    "wolfhud_hudlist_delayed_damage_buff_desc" : "",
    "wolfhud_hudlist_hostage_situation_buff_title" : "Situación con rehenes (jefe de equipo)",
    "wolfhud_hudlist_hostage_situation_buff_desc" : "Talento de Jefe de equipo.",
    "wolfhud_hudlist_hostage_taker_buff_title" : "Secuestrador",
    "wolfhud_hudlist_hostage_taker_buff_desc" : "",
    "wolfhud_hudlist_inspire_buff_title" : "Inspiración (Boost)",
    "wolfhud_hudlist_inspire_buff_desc" : "",
    "wolfhud_hudlist_lock_n_load_buff_title" : "Listo para la acción",
    "wolfhud_hudlist_lock_n_load_buff_desc" : "",
    "wolfhud_hudlist_melee_stack_damage_buff_title" : "Aumento de CaC (Espía)",
    "wolfhud_hudlist_melee_stack_damage_buff_desc" : "Talento del Espía.",
    "wolfhud_hudlist_maniac_buff_title" : "Reducción de Daño (Maníaco)",
    "wolfhud_hudlist_maniac_buff_desc" : "",
    "wolfhud_hudlist_muscle_regen_buff_title" : "Regen Vida (Gorila)",
    "wolfhud_hudlist_muscle_regen_buff_desc" : "",
    "wolfhud_hudlist_messiah_buff_title" : "Mesías",
    "wolfhud_hudlist_messiah_buff_desc" : "",
    "wolfhud_hudlist_overdog_buff_title" : "Mal Ganador (Espía)",
    "wolfhud_hudlist_overdog_buff_desc" : "",
    "wolfhud_hudlist_overkill_buff_title" : "Overkill",
    "wolfhud_hudlist_overkill_buff_desc" : "Overkill.",
    "wolfhud_hudlist_painkiller_buff_title" : "Analgésicos",
    "wolfhud_hudlist_painkiller_buff_desc" : "Analgésicos.",
    "wolfhud_hudlist_partner_in_crime_buff_title" : "Cómplices",
    "wolfhud_hudlist_partner_in_crime_buff_desc" : "Cómplices.",
    "wolfhud_hudlist_running_from_death_buff_title" : "Evitando la Muerte",
    "wolfhud_hudlist_running_from_death_buff_desc" : "",
    "wolfhud_hudlist_pocket_ecm_jammer_buff_title" : "Duración del ECM de bolsillo (Hacker)",
    "wolfhud_hudlist_pocket_ecm_jammer_buff_desc" : "",
    "wolfhud_hudlist_pocket_ecm_kill_dodge_buff_title" : "Evasión del ECM de bolsillo (Hacker)",
    "wolfhud_hudlist_pocket_ecm_kill_dodge_buff_desc" : "Mejoras mixtas (Hacker).",
    "wolfhud_hudlist_quick_fix_buff_title" : "Urgencia Médica",
    "wolfhud_hudlist_quick_fix_buff_desc" : "Urgencia Médica.",
    "wolfhud_hudlist_second_wind_buff_title" : "Segundas Oportunidades",
    "wolfhud_hudlist_second_wind_buff_desc" : "",
    "wolfhud_hudlist_sixth_sense_buff_title" : "Sexto Sentido",
    "wolfhud_hudlist_sixth_sense_buff_desc" : "",
    "wolfhud_hudlist_sicario_dodge_buff_title" : "Evasión Adicional (Sicario)",
    "wolfhud_hudlist_sicario_dodge_buff_desc" : "",
    "wolfhud_hudlist_smoke_screen_buff_title" : "Bomba de Humo (Sicario)",
    "wolfhud_hudlist_smoke_screen_buff_desc" : "",
    "wolfhud_hudlist_tag_team_buff_title" : "Dispensador de Humo (Pareja)",
    "wolfhud_hudlist_tag_team_buff_desc" : "",
    "wolfhud_hudlist_swan_song_buff_title" : "Canto del Cisne",
    "wolfhud_hudlist_swan_song_buff_desc" : "",
    "wolfhud_hudlist_tooth_and_claw_buff_title" : "Dientes y garras (Asesino)",
    "wolfhud_hudlist_tooth_and_claw_buff_desc" : "",
    "wolfhud_hudlist_trigger_happy_buff_title" : "Gatillo Fácil",
    "wolfhud_hudlist_trigger_happy_buff_desc" : "Gatillo Fácil.",
    "wolfhud_hudlist_underdog_buff_title" : "Mal Perdedor",
    "wolfhud_hudlist_underdog_buff_desc" : "Mal Perdedor.",
    "wolfhud_hudlist_unseen_strike_buff_title" : "Ataque Sorpresa",
    "wolfhud_hudlist_unseen_strike_buff_desc" : "",
    "wolfhud_hudlist_up_you_go_buff_title" : "Como nuevo",
    "wolfhud_hudlist_up_you_go_buff_desc" : "Como nuevo.",
    "wolfhud_hudlist_uppers_buff_title" : "Estimulantes",
    "wolfhud_hudlist_uppers_buff_desc" : "",
    "wolfhud_hudlist_yakuza_buff_title" : "Velocidad de Regen Armadura (Yakuza)",
    "wolfhud_hudlist_yakuza_buff_desc" : "",
    "wolfhud_hudlist_anarchist_armor_recovery_debuff_title" : "Lust for Life (Anarquista)",
    "wolfhud_hudlist_anarchist_armor_recovery_debuff_desc" : "",
    "wolfhud_hudlist_ammo_give_out_debuff_title" : "Recuperación de Distribución de Munición (Apostador)",
    "wolfhud_hudlist_ammo_give_out_debuff_desc" : "",
    "wolfhud_hudlist_bullseye_debuff_title" : "Recuperación del Implacable",
    "wolfhud_hudlist_bullseye_debuff_desc" : "",
    "wolfhud_hudlist_inspire_debuff_title" : "Recuperación del Boost de Inspiración",
    "wolfhud_hudlist_inspire_debuff_desc" : "",
    "wolfhud_hudlist_inspire_revive_debuff_title" : "Recuperación de Inspiración (Revivir)",
    "wolfhud_hudlist_inspire_revive_debuff_desc" : "",
    "wolfhud_hudlist_life_drain_debuff_title" : "Recuperación de la absorción de salud (Espía)",
    "wolfhud_hudlist_life_drain_debuff_desc" : "",
    "wolfhud_hudlist_medical_supplies_debuff_title" : "Recuperación de Suministros Médicos (Apostador)",
    "wolfhud_hudlist_medical_supplies_debuff_desc" : "",
    "wolfhud_hudlist_sociopath_debuff_title" : "Recuperación de la Regen de Salud (Sociópata)",
    "wolfhud_hudlist_sociopath_debuff_desc" : "",
    "wolfhud_hudlist_armorer_teambuff_title" : "Aumento de Armadura del Equipo(Armero)",
    "wolfhud_hudlist_armorer_teambuff_desc" : "",
    "wolfhud_hudlist_bulletproof_teambuff_title" : "Aumento de Armadura",
    "wolfhud_hudlist_bulletproof_teambuff_desc" : "",
    "wolfhud_hudlist_crew_chief_teambuff_title" : "Mejora de Estadísticas (Jefe de Equipo)",
    "wolfhud_hudlist_crew_chief_teambuff_desc" : "Mejora de estadísticas.",
    "wolfhud_hudlist_forced_friendship_teambuff_title" : "Mejora de Amistad Forzada",
    "wolfhud_hudlist_forced_friendship_teambuff_desc" : "",
    "wolfhud_hudlist_life_steal_gage_debuff_title" : "Robavida",
    "wolfhud_hudlist_life_steal_gage_debuff_desc" : "",
    "wolfhud_hudlist_invulnerable_gage_buff_title" : "Invulnerabilidad",
    "wolfhud_hudlist_invulnerable_gage_buff_desc" : "",
    "wolfhud_hudlist_crew_inspire_debuff_title" : "Inspiración",
    "wolfhud_hudlist_crew_inspire_debuff_desc" : "",
    "wolfhud_hudlist_crew_throwable_regen_buff_title" : "Suministrador",
    "wolfhud_hudlist_crew_throwable_regen_buff_desc" : "",
    "wolfhud_hudlist_crew_health_regen_buff_title" : "Curador",
    "wolfhud_hudlist_crew_health_regen_buff_desc" : "",

    "wolfhud_waypoints_options_name" : "Opciones de Waypoints Personalizados",
    "wolfhud_waypoints_options_help" : "Opciones para personalizar los waypoints.",

    "wolfhud_waypoints_color_title" : "Color de los Waypoints",
    "wolfhud_waypoints_color_desc" : "El color predeterminado de los Waypoints.",
    "wolfhud_waypoints_show_ammo_bag_title" : "Mostrar Bolsas de Munición",
    "wolfhud_waypoints_show_ammo_bag_desc" : "Muestra Waypoints para las bolsas de munición, te muestra la munición restante.",
    "wolfhud_waypoints_show_doc_bag_title" : "Mostrar Bolsas Médicas",
    "wolfhud_waypoints_show_doc_bag_desc" : "Muestra Waypoints para las bolsas médicas, te muestra las cargas restantes.",
    "wolfhud_waypoints_show_first_aid_kit_title" : "Mostrar Botiquines",
    "wolfhud_waypoints_show_first_aid_kit_desc" : "Muestra Waypoints para los botiquines.",
    "wolfhud_waypoints_show_body_bag_title" : "Mostrar Cajas de Bolsas para Cadáveres",
    "wolfhud_waypoints_show_body_bag_desc" : "Muestra Waypoints para las cajas de bolsas para cadáveres, te muestra las bolsas restantes.",
    "wolfhud_waypoints_show_grenade_crate_title" : "Mostrar maletín de arrojadizas",
    "wolfhud_waypoints_show_grenade_crate_desc" : "Muestra Waypoints para maletines de arrojadizas, te muestra la cantidad de arrojadizas restantes.",
    "wolfhud_waypoints_show_sentries_title" : "Mostrar Torretas (aliadas)",
    "wolfhud_waypoints_show_sentries_desc" : "Muestra Waypoints para tus torretas, te muestra la cantidad de munición restante en ellas.",
    "wolfhud_waypoints_show_ecms_title" : "Mostrar ECMs",
    "wolfhud_waypoints_show_ecms_desc" : "Muestra Waypoints para los ECMs, te muestra la batería restante y la duración de su retroalmentación.",
    "wolfhud_waypoints_show_timers_title" : "Mostrar contadores",
    "wolfhud_waypoints_show_timers_desc" : "Muestra Waypoints para los contadores, te muestra su tiempo restante y las mejoras activas en ellos.",
    "wolfhud_waypoints_show_loot_title" : "Mostrar Loot",
    "wolfhud_waypoints_show_loot_desc" : "Muestra el nombre del Loot encima de el estando cerca de él.",
    "wolfhud_waypoints_loot_icon_title" : "Ícono de Bolsa",
    "wolfhud_waypoints_loot_icon_desc" : "Muestra un ícono de bolsa sobre el loot embolsado.",
    "wolfhud_waypoints_loot_offset_title" : "Altura del texto 1",
    "wolfhud_waypoints_loot_offset_desc" : "Configura la altura del texto sobre el Loot.",
    "wolfhud_waypoints_loot_bagged_offset_title" : "Altura del texto 2",
    "wolfhud_waypoints_loot_bagged_offset_desc" : "Configura la altura del texto sobre el Loot embolsado.",
    "wolfhud_waypoints_loot_angle_title" : "Ángulo visible",
    "wolfhud_waypoints_loot_angle_desc" : "Configura el ángulo desde donde es visible el texto del Loot.",
    "wolfhud_waypoints_show_special_equipment_title" : "Mostrar equipamiento especial",
    "wolfhud_waypoints_show_special_equipment_desc" : "Muestra waypoints para los distintos equipamientos especiales.",
    "wolfhud_waypoints_show_minions_title" : "Mostrar enemigos convertidos",
    "wolfhud_waypoints_show_minions_desc" : "Muestra el nombre de la unidad convertida encima de su cabeza y el color del jugador que lo convirtió \n También muestra las bajas del convertido.",
    "wolfhud_waypoints_show_pager_title" : "Mostrar Intercomunicador",
    "wolfhud_waypoints_show_pager_desc" : "Muestra un waypoint para los intercomunicadores activados. Cambia su color cuando alguien lo está respondiendo.",

    "wolfhud_tabstats_options_name" : "Opciones de TabStats",
    "wolfhud_tabstats_options_help" : "Configura cómo se ve tus TabStats.",

    "wolfhud_tabstats_clock_mode_title" : "Modo del Reloj",
    "wolfhud_tabstats_clock_mode_desc" : "Qué modo se debería usar? 12-h o 24-h",
    "wolfhud_tabstats_clock_mode_a" : "12-h",
    "wolfhud_tabstats_clock_mode_b" : "24-h",
    "wolfhud_tabstats_clock_mode_c" : "Tiempo de la misión",
    "wolfhud_use_tabstats_title" : "Usar TabStats",
    "wolfhud_use_tabstats_desc" : "Muestra tus estadísticas en la pantalla de Tab en vez de información de la misión.\n(Un cambio en el mapa es necesario para aplicar...)",
    "wolfhud_tabstats_font_size_title" : "Tamaño de la fuente",
    "wolfhud_tabstats_font_size_desc" : "Tamaño de la fuente para la lista de estadísticas avanzadas.",
    "wolfhud_tabstats_color_title" : "Color de la lista",
    "wolfhud_tabstats_color_desc" : "Color de la lista de estadísticas avanzadas.",
    "wolfhud_tabstats_actual_mask_title" : "Usar máscara actual",
    "wolfhud_tabstats_actual_mask_desc" : "Usa tu máscara actual en vez de la imagen de tu personaje.",
    "wolfhud_tabstats_numberic_loot_title" : "Contador numérico de Loot",
    "wolfhud_tabstats_numberic_loot_desc" : "Desactiva el contador de Loot y muestra el número inmediatamente en el TabStats.",

    "wolfhud_crewloadout_options_name" : "Opciones del equipamieinto de tu equipo",
    "wolfhud_crewloadout_options_help" : "Elige si quieres información acerca de qué equipo y habilidades están usando tus compañoeros.",

    "wolfhud_crewloadout_lobby_title" : "Mostrar en el Lobby",
    "wolfhud_crewloadout_lobby_desc" : "Añade un botón a tu pantallad e lobby, que te muestra tu equipamiento y el de tu equipo.",
    "wolfhud_crewloadout_cs_lobby_title" : "Mostrar Racha Criminal en el Lobby",
    "wolfhud_crewloadout_cs_lobby_desc" : "Añade una nueva pestaña al lado de los modificadores y recompensas en el lobby de Racha Criminal.",
    "wolfhud_crewloadout_briefing_title" : "Reemplazar las instrucciones",
    "wolfhud_crewloadout_briefing_desc" : "Reemplaza el panel de equipamiento de tu equipo por instrucciones de la misión.",
    "wolfhud_crewloadout_tabscreen_title" : "Mosttrar en la pantalla (Presionar Tab)",
    "wolfhud_crewloadout_tabscreen_desc" : "Muestra las habilidades, talentos y ping de los jugadores en el lobby. \n(Deshabilita si ya usas esta característica del LobbyPlayerInfo)",
    "wolfhud_profilemenu_replace_title" : "Reemplazar el menú del perfil",
    "wolfhud_profilemenu_replace_desc" : "Reemplaza el menú del perfil básico por uno avanzado de WolfHUD",

    "wolfhud_dmgindicator_options_name" : "Indicador de daño",
    "wolfhud_dmgindicator_options_help" : "Configura el tamaño y colores de tus indicadores de daño.",

    "wolfhud_show_dmg_indicator_title" : "Indicador de daño dinámico",
    "wolfhud_show_dmg_indicator_desc" : "Cambia los 4 indicadores de daño estáticos en varios que se mueven de acuerdo con tu posición y la posición de tu atacante.",
    "wolfhud_dmg_ind_time_title" : "Indicador de duración",
    "wolfhud_dmg_ind_time_desc" : "Determina el tiempo en que es mostrado el indicador.",
    "wolfhud_dmg_ind_size_title" : "Tamaño del indicador",
    "wolfhud_dmg_ind_size_desc" : "Determina el tamaño del círculo donde se ubican los indicadores.",
    "wolfhud_dmg_indicator_max_count_title" : "Cantidad máxima de indicadores de daño",
    "wolfhud_dmg_indicator_max_count_desc" : "Especifica la cantidad máxima de indicadores de daño en tu pantalla.",
    "wolfhud_dmg_shield_color_title" : "Color de Armadura",
    "wolfhud_dmg_shield_color_desc" : "Color del indicador cuando pierdes armadura.",
    "wolfhud_dmg_health_color_title" : "Color de vida",
    "wolfhud_dmg_health_color_desc" : "Color del indicador, cuando pierdes vida.",
    "wolfhud_dmg_crit_color_title" : "Color de vida baja",
    "wolfhud_dmg_crit_color_desc" : "Color del indicador cuando tu vida está baja.",
    "wolfhud_dmg_vehicle_color_title" : "Color del vehículo",
    "wolfhud_dmg_vehicle_color_desc" : "Color del indicador cuando el vehículo en el que estás, está siendo disparado.",
    "wolfhud_dmg_friendlyfire_color_title" : "Color de explosivos",
    "wolfhud_dmg_friendlyfire_color_desc" : "Color del indicador, cuando recives daño de fuego y explosivos",

    "wolfhud_dmgpopup_options_name" : "Indicadores de daño enemigo",
    "wolfhud_dmgpopup_options_help" : "Ubica un indicador cerca a la cabeza del enemigo mostrando el daño causado.",

    "wolfhud_show_dmg_popup_title" : "Indicador de daño enemigo",
    "wolfhud_show_dmg_popup_desc" : "Habilita el indicador de daño enemigo.",
    "wolfhud_dmg_popup_player" : "Jugador",
    "wolfhud_dmg_popup_all" : "Todos",
    "wolfhud_dmg_popup_scale_title" : "Escala del indicador",
    "wolfhud_dmg_popup_scale_desc" : "Cambia el tamaño de los indicadores de daño.",
    "wolfhud_dmg_popup_skull_scale_title" : "Tamaño de la calavera",
    "wolfhud_dmg_popup_skull_scale_desc" : "Cambia el tamaño del indicador cuando obtienes una baja.",
    "wolfhud_dmg_popup_skull_align_title" : "Alineación de la calavera",
    "wolfhud_dmg_popup_skull_align_desc" : "Cambia la alineación de la calavera cuando obtienes una baja.",
    "wolfhud_dmg_popup_time_title" : "Tiempo del indicador",
    "wolfhud_dmg_popup_time_desc" : "Determina el tiempo en el que el indicador aparece.",
    "wolfhud_dmg_popup_height_title" : "Altura del indicador",
    "wolfhud_dmg_popup_height_desc" : "Determina la altura desde el enemigo del indicador.",
    "wolfhud_dmg_popup_alpha_title" : "Opacidad del indicador",
    "wolfhud_dmg_popup_alpha_desc" : "Configura la opacidad del indicador.",
    "wolfhud_dmg_popup_color_title" : "Color de los bodyshots",
    "wolfhud_dmg_popup_color_desc" : "Configura el color de los disparos al cuerpo del enemigo",
    "wolfhud_dmg_popup_critical_color_title" : "Color del disparo crítico",
    "wolfhud_dmg_popup_critical_color_desc" : "Configura el color de los disparos críticos.",
    "wolfhud_dmg_popup_headshot_color_title" : "Color de los headshots",
    "wolfhud_dmg_popup_headshot_color_desc" : "Configura el color de los disparos a la cabeza del enemigo.",

    "wolfhud_enemyhealthbar_options_name" : "Barra de vida enemiga",
    "wolfhud_enemyhealthbar_options_help" : "Determina que unidades tienen una barra de vida.",

    "wolfhud_show_enemyhealthbar_title" : "Mostrar Barra de vida",
    "wolfhud_show_enemyhealthbar_desc" : "Muestra la barra de vida cuando apuntas a un enemigo.\n(Cambio de mapa necesario para aplicar...)",
    "wolfhud_show_civhealthbar_title" : "Barra de vida de los civiles",
    "wolfhud_show_civhealthbar_desc" : "Muestra una barra de vida para los civiles y los bots.",
    "wolfhud_show_carhealthbar_title" : "Mostrar barra de vida del vehículo",
    "wolfhud_show_carhealthbar_desc" : "Muestra una barra de vida para los vehículps.",
    "wolfhud_show_healthbar_pointer_title" : "Mostrar puntero",
    "wolfhud_show_healthbar_pointer_desc" : "Muestra un puntero debajo de la barra de vida apuntando al propietario de la barra.",

    "wolfhud_interaction_options_name" : "Opciones de interacción",
    "wolfhud_interaction_options_help" : "Elige tus preferencias de interacción.",

    "wolfhud_press2hold_lock_mode_title" : "Modo de bloqueo",
    "wolfhud_press2hold_lock_mode_desc" : "Se bloquea, cuando una interacción dura más de X segundos. (Progreso)\nSe bloquea, Cuando el tiempo de interacción es de más de X segundos. (Total)",
    "wolfhud_press2hold_lock_mode_a" : "Progreso",
    "wolfhud_press2hold_lock_mode_b" : "Total",
    "wolfhud_press2hold_lock_mode_c" : "Intercomunicadores y cerraduras",
    "wolfhud_press2hold_lock_mode_d" : "Sólo intercomunicadores",
    "wolfhud_press2hold_min_timer_duration_title" : "Duración mínima",
    "wolfhud_press2hold_min_timer_duration_desc" : "La duración minima de interacción para que se bloquee.",
    "wolfhud_press2hold_show_lockindicator_title" : "Mostrar indicador de bloqueo",
    "wolfhud_press2hold_show_lockindicator_desc" : "Muestra un círculo rojo/verde para indicar cuano la interacción está bloqueada.",
    "wolfhud_press2hold_equipment_cancel_title" : "Interrumpir Bloqueo",
    "wolfhud_press2hold_equipment_cancel_desc" : "Interrumpe una interacción bloqueada con una tecla elegida .\n(De otra manera se cancela volviendo a oprimir la tecla de bloqueo.)",
    "wolfhud_press2hold_interrupt_hint_title" : "Mostrar pista de interrupción",
    "wolfhud_press2hold_interrupt_hint_desc" : "Muestra un texto que te acuerda de cúal botón cancela la interacción.",
    "wolfhud_press2hold_show_timer_title" : "Mostrar tiempo restante",
    "wolfhud_press2hold_show_timer_desc" : "Muestra el tiempo restante dentro del círculo de interacción.",
    "wolfhud_press2hold_show_circle_title" : "Mostrar Círculo de interacción",
    "wolfhud_press2hold_show_circle_desc" : "Determina si se muestra el círculo de interacción estándar.",
    "wolfhud_press2hold_circle_scale_title" : "Escala del círculo",
    "wolfhud_press2hold_circle_scale_desc" : "Factor de escala del círculo de interacción.",
    "wolfhud_press2hold_timer_scale_title" : "Escala del contador",
    "wolfhud_press2hold_timer_scale_desc" : "Factor de escala del contador (Toma en cuenta la escala del círculo de interacción).",
    "wolfhud_press2hold_text_scale_title" : "Escala del texto",
    "wolfhud_press2hold_text_scale_desc" : "Muestra el factor de escala del texto debajo del círculo de interacción.",
    "wolfhud_press2hold_show_reload_circle_title" : "Mostrar contador de recarga",
    "wolfhud_press2hold_show_reload_circle_desc" : "Determina si se cuenta la recarga como una interacción.",
    "wolfhud_press2hold_show_melee_circle_title" : "Mostrar la carga del CaC",
    "wolfhud_press2hold_show_melee_circle_desc" : "Determina si se cuenta la carga Cuerpo a Cuerpo como una interacción.",
    "wolfhud_press2hold_timer_color_start_title" : "Color del contador (Inicio)",
    "wolfhud_press2hold_timer_color_start_desc" : "Color con que empieza el contador.",
    "wolfhud_press2hold_timer_color_title" : "Color del contador (Fin)",
    "wolfhud_press2hold_timer_color_desc" : "Color con que termina el contador.",
    "wolfhud_press2hold_show_timer_outline_title" : "Borde Negro",
    "wolfhud_press2hold_show_timer_outline_desc" : "Muestra un borde negro alrededor del texto de interacción.",
    "wolfhud_doubletap_nades_stealth_title" : "Cancelar tiro de granada en sigilo",
    "wolfhud_doubletap_nades_stealth_desc" : "Cuando está activo necesitas oprimir el botón 2 veces para tirar la granada durante sigilo. \nSólo para prevenir accidentes.",
    "wolfhud_hold_to_pick_title" : "Recoger Automáticamente",
    "wolfhud_hold_to_pick_desc" : "Loot pequeño (como fajos de billetes) serán recogidos cuando presiones tu tecla de interacción.",

    "wolfhud_inventory_options_name" : "Opciones de ajustes de inventario",
    "wolfhud_inventory_options_help" : "Ajustes para cambiar el comportamiento de tu inventario y equipamiento.",

    "wolfhud_equipment_senty_auto_ap_title" : "Modo AP auto para las Torretas",
    "wolfhud_equipment_senty_auto_ap_desc" : "Tus torretas aparecerán en el modo AP si tienes la habilidad.",
    "wolfhud_equipment_tripmine_auto_sensor_stealth_title" : "Modo de sensor auto para las minas",
    "wolfhud_equipment_tripmine_auto_sensor_stealth_desc" : "Tus minas aparecerán en modo de sensor cuando estés en sigilo.",
    "wolfhud_equipment_ecm_feedback_disabled_stealth_title" : "Cancelación de la retroalimentación ECM",
    "wolfhud_equipment_ecm_feedback_disabled_stealth_desc" : "La retroalimentación de los ECM se cancelará en sigilo.",
    "wolfhud_equipment_shaped_charge_disabled_stealth_title" : "Cancelación de C4",
    "wolfhud_equipment_shaped_charge_disabled_stealth_desc" : "Cuando está activo necesitas oprimir 2 veces para usar C4 en sigilo. \nSólo prara prevenir accidentes.",
    "wolfhud_equipment_keycard_doors_disabled_title" : "Cancelación de puertas con Keycards",
    "wolfhud_equipment_keycard_doors_disabled_desc" : "Cuando está activado necesitas oprimir 2 veces para cerrar las puertas en el día 2 de la fuga de Hoxton. \nSólo prara prevenir accidentes.",
    "wolfhud_override_fedinv" : "Habilitar Federal Inventory",
    "wolfhud_override_fedinv_desc" : "Hablilita íconos del inventario coloridos.\nRequiere reiniciar el juego.",

    "wolfhud_gadget_options_name" : "Opciones de los dispositivos de armas",
    "wolfhud_gadget_options_help" : "Especifica tu color de láser favorito.",

    "wolfhud_laser_autoon_title" : "Láser Automático encendido",
    "wolfhud_laser_autoon_desc" : "Enciende el láser automáticamente al inicio de la misión en armas que tnegan uno.",
    "wolfhud_show_angeled_sight_title" : "Mostrar mira angular",
    "wolfhud_show_angeled_sight_desc" : "Inclina tu arma cuando la mira angular está activada.",

    "wolfhud_gadget_player_laser_options_name" : "Láser del jugador",
    "wolfhud_gadget_player_laser_options_help" : "Ajustes para tu laser.",
    "wolfhud_gadget_player_sentry_laser_options_name" : "Opciones de torretas del jugador",
    "wolfhud_gadget_player_sentry_laser_options_help" : "Opciones para los láseres de tus torretas.",
    "wolfhud_gadget_team_laser_options_name" : "Láseres de tus compañeros",
    "wolfhud_gadget_team_laser_options_help" : "Ajustes para los Láseres de tus compañeros.",
    "wolfhud_gadget_team_sentry_laser_options_name" : "Opciones de torretas de compañeros",
    "wolfhud_gadget_team_sentry_laser_options_help" : "Opciones para los láseres de las torretas de tus compañeros.",
    "wolfhud_gadget_sniper_laser_options_name" : "Láser del Sniper",
    "wolfhud_gadget_sniper_laser_options_help" : "Ajustes para los láseres de Snipers enemigos.",
    "wolfhud_gadget_turret_laser_active_options_name" : "Laser de la torreta (Activa)",
    "wolfhud_gadget_turret_laser_active_options_help" : "Ajustes del láser de la torreta SWAT activa.",
    "wolfhud_gadget_turret_laser_rearming_options_name" : "Láser de la torreta (Recargando)",
    "wolfhud_gadget_turret_laser_rearming_options_help" : "Ajustes del láser de la torreta SWAT cuando está recargando.",
    "wolfhud_gadget_turret_laser_mad_options_name" : "Láser de la torreta (Hackeada)",
    "wolfhud_gadget_turret_laser_mad_options_help" : "Ajustes del láser de la torreta SWAT cuando está hackeada.",
    "wolfhud_gadget_player_flashlight_options_name" : "Linterna del jugador",
    "wolfhud_gadget_player_flashlight_options_help" : "Ajustes para tu linterna.",
    "wolfhud_gadget_team_flashlight_options_name" : "Linterna de compañeros",
    "wolfhud_gadget_team_flashlight_options_help" : "Ajustes para las linternas de tus compañeros.",

    "wolfhud_gadgets_enabled_title" : "Sobreescribir Color",
    "wolfhud_gadgets_enabled_desc" : "Usa el laser del gadget de WolfHUD en vez del que viene en el juego.",
    "wolfhud_gadgets_beam_r_title" : "Rayo Láser (R)",
    "wolfhud_gadgets_beam_r_desc" : "Componente rojo del color de tu Láser.",
    "wolfhud_gadgets_beam_g_title" : "Rayo Láser (G)",
    "wolfhud_gadgets_beam_g_desc" : "Componente verde del color de tu Láser.",
    "wolfhud_gadgets_beam_b_title" : "Rayo Láser (B)",
    "wolfhud_gadgets_beam_b_desc" : "Componente azul del color de tu Láser.",
    "wolfhud_gadgets_beam_a_title" : "Rayo Láser Alfa",
    "wolfhud_gadgets_beam_a_desc" : "Opcaidad del Rayo Láser.",
    "wolfhud_gadgets_dot_match_title" : "Color del punto Láser",
    "wolfhud_gadgets_dot_match_desc" : "Determina si el punto Láser no debería igualar al color del Láser.",
    "wolfhud_gadgets_dot_r_title" : "Punto Láser (R)",
    "wolfhud_gadgets_dot_r_desc" : "Componente rojo del color de los Puntos Láser.",
    "wolfhud_gadgets_dot_g_title" : "Punto Láser (G)",
    "wolfhud_gadgets_dot_g_desc" : "Componente verde del color de los Puntos Láser.",
    "wolfhud_gadgets_dot_b_title" : "Punto Láser (B)",
    "wolfhud_gadgets_dot_b_desc" : "Componente azul del color de los Puntos Láser.",
    "wolfhud_gadgets_dot_a_title" : "Punto Láser Alfa",
    "wolfhud_gadgets_dot_a_desc" : "Opacidad del Punto Láser.",
    "wolfhud_gadgets_glow_match_title" : "Color del brillo del Láser",
    "wolfhud_gadgets_glow_match_desc" : "Determina si el brillo del Láser debería igualar al color del rayo.",
    "wolfhud_gadgets_glow_r_title" : "Brillo Láser (R)",
    "wolfhud_gadgets_glow_r_desc" : "Componente rojo del color del Brillo del Láser.",
    "wolfhud_gadgets_glow_g_title" : "Brillo Láser (G)",
    "wolfhud_gadgets_glow_g_desc" : "Componente verde del color del Brillo del Láser.",
    "wolfhud_gadgets_glow_b_title" : "Brillo Láser (B)",
    "wolfhud_gadgets_glow_b_desc" : "Componente azul del color del Brillo del Láser.",
    "wolfhud_gadgets_glow_a_title" : " Brillo Láser alfa",
    "wolfhud_gadgets_glow_a_desc" : "Opacidad del brillo del Láser.",
    "wolfhud_gadgets_light_r_title" : "Linterna (Rojo)",
    "wolfhud_gadgets_light_r_desc" : "Porcentaje de Rojo en el color de la linterna.",
    "wolfhud_gadgets_light_g_title" : "Linterna (Verde)",
    "wolfhud_gadgets_light_g_desc" : "Porcentaje de Verde en el color de la linterna.",
    "wolfhud_gadgets_light_b_title" : "Linterna (Azul)",
    "wolfhud_gadgets_light_b_desc" : "Porcentaje de Azul en el color de la linterna.",
    "wolfhud_gadgets_light_brightness_title" : "Brillo de la linterna",
    "wolfhud_gadgets_light_brightness_desc" : "Brillo de la linterna.",
    "wolfhud_gadgets_light_angle_title" : "Ángulo de la linterna",
    "wolfhud_gadgets_light_angle_desc" : "El ángulo en el que brilla la linterna.",
    "wolfhud_gadgets_light_range_title" : "Rango de la Linterna",
    "wolfhud_gadgets_light_range_desc" : "Distancia que cubre la Linterna.",
    "wolfhud_gadgets_rainbow_enabled_title" : "Activar Arcoíris",
    "wolfhud_gadgets_rainbow_enabled_desc" : "Activa el modo arcoíris.",
    "wolfhud_gadgets_rainbow_frequency_title" : "Frecuencia del Arcoíris",
    "wolfhud_gadgets_rainbow_frequency_desc" : "Determina cuán rapido el arcoíris cambia de color.",
    "wolfhud_gadgets_pulse_enabled_title" : "Pulso",
    "wolfhud_gadgets_pulse_enabled_desc" : "Activa el modo pulso.",
    "wolfhud_gadgets_pulse_min_title" : "Pulso Mínimo",
    "wolfhud_gadgets_pulse_min_desc" : "Mínimo modificador de Opacidad usado.",
    "wolfhud_gadgets_pulse_max_title" : "Pulso máximo",
    "wolfhud_gadgets_pulse_max_desc" : "Máximo modificador de Opacidad usado.",
    "wolfhud_gadgets_pulse_frequency_title" : "Frecuencia de Pulso",
    "wolfhud_gadgets_pulse_frequency_desc" : "Detemina el tiempo que toma desde el Mínimo al máximo del multiplicador de opacidad.",

    "wolfhud_skipit_options_name" : "Opciones para Saltar",
    "wolfhud_skipit_options_help" : "Opciones para saltar los menús innecesarios automáticamente para guardar tiempo.",
    "wolfhud_assaultbanner_options_name" : "Opciones del Banner de Asalto",
    "wolfhud_assaultbanner_options_help" : "Opciones para cambiar el banner que muestra el estado del asalto."
}
