{
	"menu_id" : "custom_FOV_menu_id",
	"parent_menu_id" : "blt_options",
	"title" : "custom_FOV_menu_title",
	"description" : "custom_FOV_menu_desc",
	"focus_changed_callback" : "CustomFOV_Focus",
	"back_callback" : "CustomFOV_SaveSettings",
	"area_bg" : "half",
	"items" : [
		{
			"type" : "multiple_choice"
			"id" : "custom_FOV_menu_title"
			"title" : ""
			"description" : ""
			"callback" : "main_gap_menu_callback"
			"items" : [
				"custom_FOV_menu_title"
			],
			"value" : "custom_FOV_menu_title"
			"default_value" : false
		},
		{
			"type" : "divider"
			"size" : 10
		},
		{
			"type" : "slider"
			"id" : "sld_more_FOV"
			"title" : "sld_more_FOV_title"
			"description" : "sld_more_FOV_desc"
			"callback" : "set_fov_multiplier"
			"value" : "fov_multiplier"
			"default_value" : 1
			"max" : 2.5
			"min" : 1.0
			"step" : 0.1
		}
	]
}
