{"stealth alfa":{"assets":[{"type":"extra_cameras","index":7,"id":102861},{"type":"keycard","index":3,"id":102483},{"type":"extra_cameras","index":6,"id":102624},{"type":"disable_guards_cake","index":2,"id":106613}],"votes":[{"type":"vault_big_drill","index":1},{"type":"escape_elevator_loud","index":1}]},"Stealth Spy ":{"assets":[{"type":"extra_cameras","id":102861,"index":7},{"type":"disable_guards_cake","id":106613,"index":2},{"type":"extra_cameras","id":102624,"index":6},{"type":"bodybags_bag","id":105282,"index":15}],"votes":[{"type":"vault_big_drill","index":1},{"type":"escape_elevator_loud","index":1}]}}